"id","title","article_authors","cohort","year","arquivo","areas_pesquisa","metodologia","metricas_mencionadas","metodos_estatisticos","venue","venue_type","citations","num_referencias","n_references","alignment_score","alignment_nivel","temas_ementa","qtd_temas_ementa","max_score_relevancia","max_percentual_match","relacao_disciplina_proxy","alinhado_plano_proxy","replicabilidade_proxy","natureza_artigo_proxy","nivel_aluno_proxy","qualidade_proxy","prestige_score","pagerank_centrality","community_id","rubric_score","arqi_equal","arqi_pca","arqi_no_prestige","replicavel","pratico_teorico","nivel_aluno","agregou","relacao_disciplina","alinhado_plano","artigos_relacionados","sobreposicao_tematica_qtd","evidencias_extraidas","pendencias"
"1","A Conceptual Model to Support Teaching of Software Engineering Controlled (Quasi-)Experiments","","","2023","A Conceptual Model to Support Teaching of SoftwareEngineering Controlled (Quasi-)Experiments.pdf","Experimentação","Experimento Controlado; Survey/Questionário; Estudo Empírico","","","","conference","","30","30","","medio","Planejamento de experimento; Execução de experimento; Estratégias de experimentação; Processo de experimentação; Análise de resultados de experimentos; Apresentação de resultados experimentais","7","3","60.0","direta","sim","2-alta","misto","basico_intermediario","alta_proxy_local","","","","","","","","","","","","","","7:A Survey of Controlled Experiments; 29:Experimentation in Software Engineering","2","A Conceptual Model to Support Teaching of Software Engineering Controlled (Quasi-)Experiments Carlos D. Luz State University of Maringá (UEM) Maringá, PR, Brazil carlos.danilo.luz@gmail.com Edson OliveiraJr State University of Maringá (UEM) Maringá, PR, Brazil edson@din.uem.br Igor Steinmacher Northern Arizona University Flagstaff, AZ, USA igor.ste","cohort; citations; alignment_score; arqi_equal; corpus_incompleto"
"2","Technical Report, Simula Research Laboratory, number 2011-13","","","2011","A Hitchhiker's guide to statistical tests for assessing randomized algorithms in software engineering.pdf","Teste de Software","Revisão Sistemática; Survey/Questionário","","Teste t; Mann-Whitney; Wilcoxon; ANOVA; Kruskal-Wallis; Regressão Linear; Effect Size; Fisher's Exact; Box Plot; Precisão/Recall/F1","","report","","110","110","","medio","Nivelamento e revisão de fundamentos de engenharia de software","1","2","33.3","indireta","sim","1-parcial","pratico_empirico","avancado","alta_proxy_local","","","","","","","","","","","","","","46:Empir Software Eng (2017) 22:579–630; 21:An External Replication on the Effects of Test-driven; 9:A Tale of Two Cities: Software Developers Working from; 24:Application of Statistical Methods in Software Engineering: Theory and; 38:Metrics for Evaluating and Improving Transparency in Software Engineer","5","Technical Report, Simula Research Laboratory, number 2011-13 A Hitchhiker’s Guide to Statistical Tests for Assessing Randomized Algorithms in Software Engineering1 Andrea Arcuri and Lionel Briand Simula Research Laboratory, P.O. Box 134, Lysaker, Norway. Email: {arcuri,briand}@simula.no Abstract Randomized algorithms have been used to successfully","cohort; citations; alignment_score; arqi_equal; corpus_incompleto"
"3","A Large-Scale Empirical Study of AI-Generated Code in Real-World Repositories","Tianhao Mao; Dongfang Zhao; Haixu Tang; Xiaofeng Wang; Hang Zhang","","2026","A Large-Scale Empirical Study of AI-Generated Code in.pdf","Manutenção de Software; Inteligência Artificial/ML","Estudo Empírico","Complexidade Ciclomática","Mann-Whitney; Wilcoxon; Chi-quadrado; Correlação de Pearson; Effect Size","","conference","","43","43","","baixo","","0","0","0.0","nao_detectada","baixo","2-alta","misto","avancado","alta_proxy_local","","","","","","","","","","","","","","44:Quality of AI-Generated vs. Human-Generated Code; 38:Metrics for Evaluating and Improving Transparency in Software Engineer; 20:An Empirical Validation of Cognitive Complexity as a Measure of Source","3","A Large-Scale Empirical Study of AI-Generated Code in Real-World Repositories Tianhao Mao Indiana University Bloomington tianmao@iu.edu Dongfang Zhao Indiana University Bloomington zhaodo@iu.edu Haixu Tang Indiana University Bloomington hatang@iu.edu Xiaofeng Wang Nanyang Technological University xiaofeng.wang@ntu.edu.sg Hang Zhang Indiana Universi","cohort; citations; alignment_score; arqi_equal; corpus_incompleto"
"4","A Quality Model-based Approach for Measuring User Interface Aesthetics with Grace","Mathieu Zen","","2023","A Quality Model-based Approach for Measuring UserInterface Aesthetics with Grace.pdf","Qualidade de Software","Survey/Questionário","Cohesion/Coesão","Regressão Linear; Descritiva; Precisão/Recall/F1","","","","106","106","","baixo","","0","0","0.0","nao_detectada","baixo","1-parcial","misto","avancado","media_proxy_local","","","","","","","","","","","","","","14:A preliminary GQM model to evaluate web API","1","172 A Quality Model-based Approach for Measuring User Interface Aesthetics with Grace MATHIEU ZEN, Université catholique de Louvain, Belgium NICOLAS BURNY, Université catholique de Louvain, Belgium JEAN VANDERDONCKT, Université catholique de Louvain, Belgium Charac- teristics Sub-char- acteristics ISO 25010 “Square” Software quality model 17 Measur","cohort; citations; alignment_score; arqi_equal; corpus_incompleto"
"5","A Review and Analysis of Software Complexity Metrics in Structural Testing","","","","A Review and Analysis of Software Complexity Metrics in Structural Testing.pdf","Métricas de Software; Qualidade de Software; Manutenção de Software; Processo de Software","","LOC/SLOC; Complexidade Ciclomática; Function Points; Code Coverage; Halstead","Precisão/Recall/F1","","conference","","17","17","","medio","Métricas de processo; Métricas de produto; Métricas de projeto; Identificação, organização e validação de métricas de software; Processo de experimentação","5","3","60.0","direta","sim","0-nao_detectada","pratico_empirico","intermediario","media_proxy_local","","","","","","","","","","","","","","20:An Empirical Validation of Cognitive Complexity as a Measure of Source; 44:Quality of AI-Generated vs. Human-Generated Code; 64:Unveiling Hybrid Cyclomatic Complexity: A Comprehensive Analysis and E; 39:Metrics in Large-Scale Agile Software Development: A; 11:A Tool‐Based Perspective on Software Code Maintainability Metrics: A S","7","A Review and Analysis of Software Complexity Metrics in Structural Testing Mrinal Kanti Debbarma1, Swapan Debbarma2, Nikhil Debbarma2, Kunal Chakma2 and Anupam Jamatia2 1CSED, MNNIT, Allahabad, India,2CSED, NIT, Agartala, India {mkdb06,swapanxavier,ndbarma.csenita,kchax4377, anupamjamatia}@gmail.com","cohort; citations; alignment_score; arqi_equal; corpus_incompleto"
"6","2-815-A Study on Software Metrics and its Impact on Software Quality.cdr","khalil","","","A Study on Software Metrics and its Impact on Software Quality.pdf","Métricas de Software; Qualidade de Software; Produtividade","Survey/Questionário","LOC/SLOC; Defect Density","Correlação de Pearson","","journal","","55","55","","medio","Métricas de produto; Métricas de processo; Métricas de projeto; Identificação, organização e validação de métricas de software","4","2","40.0","indireta","sim","0-nao_detectada","pratico_empirico","basico_intermediario","alta_proxy_local","","","","","","","","","","","","","","18:A study of component based software system metrics","1","software market. So, the countries and the companies are investing more and more money, effort and time for the improvement of the software quality [2]. Without software development process knowledge, it is quite difficult or nearly impossible to achieve software quality. For good quality software defects, errors or bugs should be identified a","cohort; citations; alignment_score; arqi_equal; corpus_incompleto"
"7","A Survey of Controlled Experiments","","","2002","A Survey of Controlled Experiments in Software Engineering..pdf","Métricas de Software; Manutenção de Software; Engenharia de Software Empírica; Experimentação","Experimento Controlado; Survey/Questionário; Estudo Empírico; Machine Learning; Replicação","","Correlação de Pearson","IEEE Transactions on Software Engineering","conference","","52","52","","alto","Planejamento de experimento; Execução de experimento; Métricas de produto; Métricas de processo; Métricas de projeto; Identificação, organização e validação de métricas de software","14","4","80.0","direta","sim","1-parcial","misto","basico_intermediario","alta_proxy_local","","","","","","","","","","","","","","1:A Conceptual Model to Support Teaching of Software Engineering Control; 29:Experimentation in Software Engineering; 38:Metrics for Evaluating and Improving Transparency in Software Engineer; 62:Towards Improving Experimentation in Software Engineering","4","A Survey of Controlled Experiments in Software Engineering Dag I.K. Sjøberg, Member, IEEE Computer Society, Jo E. Hannay, Ove Hansen, Vigdis By Kampenes, Amela Karahasanovic, Nils-Kristian Liborg, and Anette C. Rekdal Abstract—The classical method for identifying cause-effect relationships is to conduct controlled experiments. This paper reports u","cohort; citations; alignment_score; arqi_equal; corpus_incompleto"
"8","arXiv:1801.06475v1  [cs.SE]  19 Jan 2018","","","2018","A Systematic Review of Productivity Factors in Software Development.pdf","Produtividade","Revisão Sistemática","LOC/SLOC; Function Points","","","preprint","","31","31","","medio","Nivelamento e revisão de fundamentos de engenharia de software","1","2","33.3","indireta","sim","1-parcial","misto","basico_intermediario","alta_proxy_local","","","","","","","","","","","","","","","0","arXiv:1801.06475v1 [cs.SE] 19 Jan 2018 A Systematic Review of Productivity Factors in Software Development Stefan Wagner Technische Universit¨at M¨unchen Garching b. M¨unchen, Germany wagnerst@in.tum.de Melanie Ruhe Siemens AG Munich, Germany melanie.ruhe@siemens.com Abstract Analysing and improving productivity has been one of the main goals of","cohort; citations; alignment_score; arqi_equal; corpus_incompleto"
"9","A Tale of Two Cities: Software Developers Working from","","","2021","A Tale of Two Cities Software Developers Working fromHome during the COVID-19 Pandemic.pdf","DevOps/CI-CD","Survey/Questionário; Estudo Empírico","Velocity","Mann-Whitney; Wilcoxon; Regressão Logística; Effect Size; Fisher's Exact; Descritiva; K-fold/Cross-validation","IST","journal","","71","71","","baixo","","0","0","0.0","nao_detectada","baixo","1-parcial","pratico_empirico","avancado","media_proxy_local","","","","","","","","","","","","","","2:Technical Report, Simula Research Laboratory, number 2011-13","1","27 A Tale of Two Cities: Software Developers Working from Home during the COVID-19 Pandemic DENAE FORD, Microsoft Research MARGARET-ANNE STOREY, University of Victoria THOMAS ZIMMERMANN and CHRISTIAN BIRD, Microsoft Research SONIA JAFFE, Microsoft Corp. CHANDRA MADDILA and JENNA L. BUTLER, Microsoft Research BRIAN HOUCK, Microsoft Corp. NACHIAPPAN","cohort; citations; alignment_score; arqi_equal; corpus_incompleto"
"10","Full citation: Bosu, M.F., & MacDonell, S.G. (2013) A taxonomy of data quality challenges in","ae","","2013","A Taxonomy of Data Quality Challenges in Empirical Software Engineering.pdf","Engenharia de Software Empírica; Gerenciamento de Projetos; Processo de Software; Predição de Defeitos","","","Regressão Linear; Regressão Logística; Bayesiana; Random Forest; K-fold/Cross-validation; ROC/AUC","the 22nd Australasian Software Engineering","conference","","68","68","","medio","Métricas de processo; Processo de experimentação; Nivelamento e revisão de fundamentos de engenharia de software; Métricas de produto; Métricas de projeto; Processos e técnicas de medição","14","3","60.0","direta","sim","0-nao_detectada","misto","avancado","media_proxy_local","","","","","","","","","","","","","","","0","Full citation: Bosu, M.F., & MacDonell, S.G. (2013) A taxonomy of data quality challenges in empirical software engineering, in Proceedings of the 22nd Australasian Software Engineering Conference (ASWEC2013). Melbourne, Australia, IEEE Computer Society Press, pp.97-106. doi:10.1109/ASWEC.2013.21 A Taxonomy of Data Quality Challenges in Empiri","cohort; citations; alignment_score; arqi_equal; corpus_incompleto"
"11","A Tool‐Based Perspective on Software Code Maintainability Metrics: A Systematic Literature Review","","","2020","A Tool-Based Perspective on Software Code Maintainability Metrics A Systematic Literature Review.pdf","Métricas de Software; Manutenção de Software; DevOps/CI-CD; Segurança de Software","Revisão Sistemática","Code Coverage","Bayesiana; Box Plot; SVM; Precisão/Recall/F1","","conference","","73","73","","medio","Nivelamento e revisão de fundamentos de engenharia de software; Métricas de produto; Métricas de processo; Métricas de projeto; Identificação, organização e validação de métricas de software","5","2","33.3","indireta","sim","2-alta","misto","intermediario","media_proxy_local","","","","","","","","","","","","","","5:A Review and Analysis of Software Complexity Metrics in Structural Tes","1","Review Article A Tool-Based Perspective on Software Code Maintainability Metrics: A Systematic Literature Review Luca Ardito ,1 Riccardo Coppola,1 Luca Barbato,2 and Diego Verga1 1Politecnico di Torino Department of Control and Computer Engineering Turin, Turin, Italy 2Luminem, Turin, Italy Correspondence should be addressed to Luca Ardito; luca.ar","cohort; citations; alignment_score; arqi_equal; corpus_incompleto"
"12","A Large-Scale Empirical Study on Self-Admitted Technical Debt","Gabriele Bavota, Barbara Russo","","2016","A large-scale empirical study on self-admitted technical debt.pdf","Qualidade de Software; Manutenção de Software; Engenharia de Software Empírica; Dívida Técnica","Estudo Empírico; Replicação; Mineração de Repositórios","Coupling/Acoplamento; Technical Debt","Mann-Whitney; Correlação de Spearman; Descritiva; Box Plot","MSR","conference","","41","41","","medio","Nivelamento e revisão de fundamentos de engenharia de software; Métricas de produto; Métricas de processo; Métricas de projeto; Processos e técnicas de medição; Identificação, organização e validação de métricas de software","14","2","33.3","indireta","sim","2-alta","misto","intermediario","alta_proxy_local","","","","","","","","","","","","","","","0","A Large-Scale Empirical Study on Self-Admitted Technical Debt Gabriele Bavota, Barbara Russo Free University of Bozen-Bolzano, Bolzano, Italy {gabriele.bavota, barbara.russo}@unibz.it ABSTRACT Technical debt is a metaphor introduced by Cunningham to indicate “not quite right code which we postpone making it right”. Examples of technical debt are co","cohort; citations; alignment_score; arqi_equal; corpus_incompleto"
"13","A machine learning approach to vulnerability detection combining software metrics and topic modelling: Evidence from smart contracts","Giacomo Ibba","","2014","A machine learning approach to vulnerability detection combining software.pdf","Métricas de Software; Inteligência Artificial/ML; Segurança de Software","Estudo de Caso; Machine Learning","Complexidade Ciclomática; Coupling/Acoplamento; Cohesion/Coesão","Regressão Logística; Bootstrap; Bayesiana; Random Forest; SVM; K-fold/Cross-validation; ROC/AUC; Precisão/Recall/F1","","journal","","112","112","","medio","Métricas de produto; Métricas de processo; Métricas de projeto; Identificação, organização e validação de métricas de software","4","2","40.0","indireta","sim","2-alta","misto","avancado","media_proxy_local","","","","","","","","","","","","","","54:Source Code Metrics for Software Defects Prediction; 44:Quality of AI-Generated vs. Human-Generated Code; 40:On Wasted Contributions: Understanding the Dynamics; 20:An Empirical Validation of Cognitive Complexity as a Measure of Source","4","Contents lists available at ScienceDirect Machine Learning with Applications journal homepage: www.elsevier.com/locate/mlwa A machine learning approach to vulnerability detection combining software metrics and topic modelling: Evidence from smart contracts Giacomo Ibba a,b, Rumyana Neykova b, Marco Ortu a, Roberto Tonelli a, Steve Counsell b,","cohort; citations; alignment_score; arqi_equal; corpus_incompleto"
"14","A preliminary GQM model to evaluate web API","","","","A preliminary GQM model to evaluate web API usability.pdf","Qualidade de Software","Survey/Questionário; GQM","","Precisão/Recall/F1","","","","66","66","","baixo","","0","0","0.0","nao_detectada","baixo","0-nao_detectada","misto","basico_intermediario","alta_proxy_local","","","","","","","","","","","","","","4:A Quality Model-based Approach for Measuring User Interface Aesthetics; 44:Quality of AI-Generated vs. Human-Generated Code; 18:A study of component based software system metrics","3","A preliminary GQM model to evaluate web API usability⋆ Ariel Machini1[0000−0002−2589−8182] and Sandra Casas2 1 Centro de Investigaciones y Transferencias Santa Cruz, R´ıo Gallegos, Argentina 2 GISP, Universidad Nacional de la Patagonia Austral, R´ıo Gallegos, Argentina Abstract. Web APIs allow easy access to a variety of resources and ser- vices, a","cohort; citations; alignment_score; arqi_equal; corpus_incompleto"
"15","ADmM: Anomaly Detection for Microservice Systems with Incomplete Metrics","Zekun Zhang, Jian Wang, Bing Li, Liuxiaoxiao Zhang, Yu Liu, Patrick Hung","","2026","ADmM Anomaly Detection for Microservice Systems withIncomplete Metrics.pdf","Engenharia de Software (Geral)","Machine Learning","MTTR","Bootstrap; Bayesiana; Descritiva; SVM; Precisão/Recall/F1","","","","56","56","","medio","Nivelamento e revisão de fundamentos de engenharia de software; Métricas de produto; Métricas de processo; Métricas de projeto; Processos e técnicas de medição; Identificação, organização e validação de métricas de software","14","2","33.3","indireta","sim","2-alta","misto","avancado","media_proxy_local","","","","","","","","","","","","","","60:The role of measurement uncertainty in the validation of a measurement","1","ADmM: Anomaly Detection for Microservice Systems with Incomplete Metrics ZEKUN ZHANG, School of computer science, Wuhan University, Wuhan, China JIAN WANG, School of Computer Science, Wuhan University, Wuhan, China and Zhongguancun Laboratory, Beijing, China BING LI, School of Computer Science, Wuhan University, Wuhan, China and Zhongguancun Labora","cohort; citations; alignment_score; arqi_equal; corpus_incompleto"
"16","Microsoft Word - FinalPrint07.doc","eric.ferreira","","2002","ARTIGO_Definição de um processo de medição de software baseado em Seis Sigma e CMMI.pdf","Manutenção de Software; Processo de Software","","","Precisão/Recall/F1","","","","0","0","","medio","Métricas de processo; Processo de experimentação","2","2","40.0","indireta","sim","0-nao_detectada","teorico_propositivo","basico_intermediario","baixa_proxy_local","","","","","","","","","","","","","","37:Sigmae, Alfenas, v.11, n.2, p. 21-35, 2022.; 49:Microsoft Word - Software Process Measurement and Related Challenges i","2","ISSN: 2317-0840 Sigmae, Alfenas, v.3, n.1, p. 26-35, 2014. Definição de um processo de medição de software baseado em Seis Sigma e CMMI Rafael V. M. Santos1†, Marcelo S. Oliveira2, Eric B. Ferreira3, Sabrina B. Vargas4, Eros E. Moura1 1 Instituto Federal do Espírito Santo (IFES) 2 Professor Associado IV, Departamento de Ciências Exatas, U","cohort; citations; alignment_score; arqi_equal; corpus_incompleto"
"17","A Framework for Automating the Measurement of DevOps Research and Assessment (DORA) Metrics","","","","A_Framework_for_Automating_the_Measurement_of_DevOps_Research_and_Assessment_DORA_Metrics.pdf","Métodos Ágeis; DevOps/CI-CD","Survey/Questionário; Proposta de Framework","Lead Time; DORA Metrics; MTTR","Bayesiana","","book","","30","30","","baixo","","0","0","0.0","nao_detectada","baixo","2-alta","misto","intermediario","alta_proxy_local","","","","","","","","","","","","","","","0","A Framework for Automating the Measurement of DevOps Research and Assessment (DORA) Metrics Brennan Wilkes University of Victoria Victoria, Canada brennan@codexwilkes.com Alessandra Maciel Paz Milani University of Victoria Victoria, Canada amilani@uvic.ca Margaret-Anne Storey University of Victoria Victoria, Canada mstorey@uvic.ca Abstract—The DevO","cohort; citations; alignment_score; arqi_equal; corpus_incompleto"
"18","A study of component based software system metrics","","","2016","A_study_of_component_based_software_system_metrics.pdf","Métricas de Software; Qualidade de Software; Manutenção de Software; Produtividade","Survey/Questionário","Coupling/Acoplamento; Cohesion/Coesão","","","conference","","18","18","","medio","Métricas de produto; Métricas de processo; Métricas de projeto; Identificação, organização e validação de métricas de software","4","2","40.0","indireta","sim","0-nao_detectada","misto","basico_intermediario","media_proxy_local","","","","","","","","","","","","","","25:arXiv:2310.03673v2 [cs.SE] 7 Jun 2024; 27:Evaluation of Software Product Quality Metrics; 14:A preliminary GQM model to evaluate web API; 6:2-815-A Study on Software Metrics and its Impact on Software Quality.c; 65:Web System for Metrics Control applying the GQM Method in a Software D","6","International Conference on Computing, Communication and Automation (ICCCA2016) ISBN:978-1-5090-1666-2/16/$31.00 ©2016 IEEE 824 A Study of Component Based Software System Metrics Sakshi Patel, Jagdeep Kaur Department of CSE &IT The NorthCap University Gurgaon 122017, India sakshi.smk@gmail.com, jagdeep@ncuindia.edu","cohort; citations; alignment_score; arqi_equal; corpus_incompleto"
"19","Adjustment Level Metrics for Requirements in Project Management","","","2021","Adjustment_Level_Metrics_for_Requirements_in_Project_Management.pdf","Métodos Ágeis; Gerenciamento de Projetos","Estudo de Caso; Proposta de Framework","","","","conference","","0","0","","baixo","","0","0","0.0","nao_detectada","baixo","0-nao_detectada","misto","intermediario","baixa_proxy_local","","","","","","","","","","","","","","43:Quality Metrics in Agile Software Development Projects; 53:Software Metrics Classification for Agile Scrum Process: A Literature ","2","2021 8th International Conference on Soft Computing & Machine Intelligence (ISCMI) | 978-1-7281-8683-2/21/$31.00 ©2021 IEEE | DOI: 10.1109/ISCMI53840.2021.9654823 2021 8th Inti. Conference on Soft Computing & Machine Intelligence Adjustment Level Metrics for Requirements in Project Management Patricia R. Cristaldo GIBD National Technological Unive","cohort; citations; alignment_score; arqi_equal; corpus_incompleto"
"20","An Empirical Validation of Cognitive Complexity as a Measure of Source Code Understandability","Marvin Muñoz Barón, Marvin Wyrich, and Stefan Wagner","","2020","An Empirical Validation of Cognitive Complexity as a Measure.pdf","Métricas de Software; Engenharia de Software Empírica","Meta-análise","LOC/SLOC; Complexidade Ciclomática; Complexidade Cognitiva","Correlação de Pearson; Effect Size; Precisão/Recall/F1","IEEE International Symposium on Empirical Software Engineering and Measurement","conference","","44","44","","medio","Métricas de produto; Métricas de processo; Métricas de projeto; Identificação, organização e validação de métricas de software; Análise de resultados de experimentos; Nivelamento e revisão de fundamentos de engenharia de software","18","3","60.0","direta","sim","2-alta","misto","avancado","alta_proxy_local","","","","","","","","","","","","","","5:A Review and Analysis of Software Complexity Metrics in Structural Tes; 64:Unveiling Hybrid Cyclomatic Complexity: A Comprehensive Analysis and E; 42:Process metrics for software defect prediction in object‐oriented prog; 3:A Large-Scale Empirical Study of AI-Generated Code in Real-World Repos; 13:A machine learning approach to vulnerability detection combining softw","6","An Empirical Validation of Cognitive Complexity as a Measure of Source Code Understandability Marvin Muñoz Barón University of Stuttgart Stuttgart, Germany st141535@stud.uni-stuttgart.de Marvin Wyrich University of Stuttgart Stuttgart, Germany marvin.wyrich@iste.uni-stuttgart.de Stefan Wagner University of Stuttgart Stuttgart, Germany stefan.wagner","cohort; citations; alignment_score; arqi_equal; corpus_incompleto"
"21","An External Replication on the Effects of Test-driven","","","","An External Replication on the Effects of Test-driven Development Using a Multi-site Blind Analysis Approach.pdf","Qualidade de Software; Teste de Software; Experimentação; Métodos Ágeis; Produtividade","Revisão Sistemática; Experimento Controlado; Survey/Questionário; Meta-análise; Replicação","","Mann-Whitney; Kruskal-Wallis; Correlação de Pearson; Descritiva; Box Plot; Precisão/Recall/F1","","conference","","45","45","","medio","Planejamento de experimento; Execução de experimento; Análise de resultados de experimentos; Nivelamento e revisão de fundamentos de engenharia de software; Distribuições de probabilidade; Testes de hipótese","12","3","60.0","direta","sim","1-parcial","misto","avancado","alta_proxy_local","","","","","","","","","","","","","","24:Application of Statistical Methods in Software Engineering: Theory and; 59:The effects of change decomposition on code review-a controlled experi; 2:Technical Report, Simula Research Laboratory, number 2011-13; 38:Metrics for Evaluating and Improving Transparency in Software Engineer; 46:Empir Software Eng (2017) 22:579–630","5","An External Replication on the Effects of Test-driven Development Using a Multi-site Blind Analysis Approach Davide Fucci M-Group, University of Oulu Oulu, Finland davide.fucci@oulu.ﬁ Giuseppe Scanniello University of Basilicata Potenza, Italy giuseppe.scanniello@unibas.it Simone Romano University of Basilicata Potenza, Italy simone.romano@unibas.i","cohort; citations; alignment_score; arqi_equal; corpus_incompleto"
"22","An Empirical Investigation of Factors Causing Scope Creep in Agile Global Software Development Context: A Conceptual Model for Project Managers","","","2021","An_Empirical_Investigation_of_Factors_Causing_Scop.pdf","Métodos Ágeis; Gerenciamento de Projetos","Revisão Sistemática; Estudo de Caso; Estudo Empírico","","Correlação de Spearman","","journal","","96","96","","medio","Nivelamento e revisão de fundamentos de engenharia de software","1","2","33.3","indireta","sim","1-parcial","misto","basico_intermediario","alta_proxy_local","","","","","","","","","","","","","","","0","This work is licensed under a Creative Commons Attribution 4.0 License. For more information, see https://creativecommons.org/licenses/by/4.0/ This article has been accepted for publication in a future issue of this journal, but has not been fully edited. Content may change prior to final publication. Citation information: DOI 10.1109/ACCESS.2021.3","cohort; citations; alignment_score; arqi_equal; corpus_incompleto"
"23","An´alise da Eficiˆencia do Uso de Recursos de M´aquina na","","","","Analise da Eficiência do Uso de Recursos de Máquina (TCC_GABRIEL_AUGUSTO_SOUZA_BORGES).pdf","Engenharia de Software (Geral)","","","Box Plot","","thesis","","0","0","","medio","Nivelamento e revisão de fundamentos de engenharia de software; Métricas de produto; Métricas de processo; Métricas de projeto; Processos e técnicas de medição; Identificação, organização e validação de métricas de software","14","2","33.3","indireta","sim","2-alta","misto","basico_intermediario","baixa_proxy_local","","","","","","","","","","","","","","57:The Experimental Paradigm in Software Engeneering","1","An´alise da Eficiˆencia do Uso de Recursos de M´aquina na Aplicac¸˜ao de Diferentes Pr´aticas de Observabilidade em Ambientes com Hardware Limitado Gabriel Augusto Souza Borges1 1Instituto de Ciˆencias Exatas e Inform´atica – PUC Minas Rua Claudio Manoel, 1162 – Belo Horizonte – MG – Brasil gabriel.borges@sga.pucminas.br Abstract. Observability is","cohort; citations; alignment_score; arqi_equal; corpus_incompleto"
"24","Application of Statistical Methods in Software Engineering: Theory and Practice","Tassio Sirqueira, Marcos Miguel, Humberto Dalpra, Marco Antônio Araújo, José Maria David","","","Application of Statistical Methods in Software Engineering Theory and Practice.pdf","Experimentação","Análise Estatística","","Teste t; Mann-Whitney; ANOVA; Kruskal-Wallis; Correlação de Pearson; Shapiro-Wilk; Kolmogorov-Smirnov; Descritiva; Box Plot; Teste de Normalidade; Precisão/Recall/F1","","preprint","","41","41","","medio","Análise de resultados de experimentos; Distribuições de probabilidade; Testes de hipótese; Análise multivariada; Atividades avaliativas; Estratégias de experimentação","11","3","50.0","direta","sim","1-parcial","misto","avancado","alta_proxy_local","","","","","","","","","","","","","","46:Empir Software Eng (2017) 22:579–630; 21:An External Replication on the Effects of Test-driven; 2:Technical Report, Simula Research Laboratory, number 2011-13; 28:Evidence is All We Need: Do Self-Admitted Technical Debts Impact Metho","4","Sirqueira et al. Application of Statistical Methods in Software Engineering: Theory and Practice Tassio Sirqueira1,2*, Marcos Miguel1, Humberto Dalpra1, Marco Antônio Araújo1,2,3 and José Maria David1 *Correspondence: tassio@tassio.eti.br 1University Center Academia (UniAcademia), R. Halfeld, 1179 - Centro, 36016-000 Juiz de Fora, Brazil Full list","cohort; citations; alignment_score; arqi_equal; corpus_incompleto"
"25","arXiv:2310.03673v2 [cs.SE] 7 Jun 2024","","","2024","Do Internal Software Metrics Have Relationship with Fault-proneness and Change-proneness.pdf","Métricas de Software; Qualidade de Software; Manutenção de Software; Predição de Defeitos","Estudo Empírico","LOC/SLOC; Coupling/Acoplamento; Cohesion/Coesão","Correlação de Spearman","","preprint","","18","18","","medio","Métricas de produto; Métricas de processo; Métricas de projeto; Identificação, organização e validação de métricas de software","4","2","40.0","indireta","sim","2-alta","pratico_empirico","intermediario","media_proxy_local","","","","","","","","","","","","","","18:A study of component based software system metrics; 27:Evaluation of Software Product Quality Metrics","2","arXiv:2310.03673v2 [cs.SE] 7 Jun 2024 Do Internal Sofware Metrics Have Relationship with Fault-proneness and Change-proneness? Md. Masudur Rahman∗ Institute of Information Technology, University of Dhaka Dhaka, Bangladesh bit0413@iit.du.ac.bd Toukir Ahammed Institute of Information Technology, University of Dhaka Dhaka, Bangladesh toukir@iit.du.a","cohort; citations; alignment_score; arqi_equal; corpus_incompleto"
"26","Evaluation metrics and statistical tests for machine learning","Oona Rainio","","2024","Evaluation metrics and statistical tests for machine learning.pdf","Inteligência Artificial/ML","Machine Learning","Complexidade Ciclomática","Teste t; Mann-Whitney; Wilcoxon; Correlação de Pearson; Correlação de Spearman; K-fold/Cross-validation; ROC/AUC; Precisão/Recall/F1","","","","123","123","","baixo","","0","0","0.0","nao_detectada","baixo","2-alta","misto","avancado","media_proxy_local","","","","","","","","","","","","","","","0","1 Vol.:(0123456789) Scientific Reports | (2024) 14:6086 | https://doi.org/10.1038/s41598-024-56706-x www.nature.com/scientificreports Evaluation metrics and statistical tests for machine learning Oona Rainio *, Jarmo Teuho & Riku Klén Research on different machine learning (ML) has become incredibly popular during the past few decad","cohort; citations; alignment_score; arqi_equal; corpus_incompleto"
"27","Evaluation of Software Product Quality Metrics","","","2009","Evaluation of Software Product Quality Metrics.pdf","Métricas de Software; Qualidade de Software; Manutenção de Software; Gerenciamento de Projetos; Segurança de Software","","LOC/SLOC; Coupling/Acoplamento; Halstead","Correlação de Spearman; Descritiva; Precisão/Recall/F1","","preprint","","1993","1993","","medio","Métricas de produto; Métricas de processo; Métricas de projeto; Identificação, organização e validação de métricas de software","4","2","40.0","indireta","sim","1-parcial","misto","intermediario","media_proxy_local","","","","","","","","","","","","","","25:arXiv:2310.03673v2 [cs.SE] 7 Jun 2024; 5:A Review and Analysis of Software Complexity Metrics in Structural Tes; 18:A study of component based software system metrics; 43:Quality Metrics in Agile Software Development Projects","4","Evaluation of Software Product Quality Metrics Arthur-Jozsef Molnar, Alexandra Neamt¸u, and Simona Motogna Faculty of Mathematics and Computer Science, Babe¸s-Bolyai University, Cluj-Napoca, Romania {arthur, motogna}@cs.ubbcluj.ro, nais1841@scs.ubbcluj.ro Abstract. Computing devices and associated software govern everyday life, and form the backbon","cohort; citations; alignment_score; arqi_equal; corpus_incompleto"
"28","Evidence is All We Need: Do Self-Admitted Technical Debts Impact Method-Level Maintenance?","","","","Evidence_is_All_We_Need_Do_Self-Admitted_Technical_Debts_Impact_Method-Level_Maintenance.pdf","Métricas de Software; Qualidade de Software; Manutenção de Software; Revisão de Código; Dívida Técnica","Mineração de Repositórios","Code Coverage; Technical Debt","Wilcoxon; Correlação de Pearson; Effect Size; Shapiro-Wilk; Kolmogorov-Smirnov; Teste de Normalidade; Precisão/Recall/F1","","","","89","89","","medio","Nivelamento e revisão de fundamentos de engenharia de software; Métricas de produto; Métricas de processo; Métricas de projeto; Identificação, organização e validação de métricas de software","5","2","33.3","indireta","sim","2-alta","misto","avancado","alta_proxy_local","","","","","","","","","","","","","","46:Empir Software Eng (2017) 22:579–630; 24:Application of Statistical Methods in Software Engineering: Theory and","2","Evidence is All We Need: Do Self-Admitted Technical Debts Impact Method-Level Maintenance? 1st Shaiful Chowdhury SQM Research Lab, Computer Science University of Manitoba Winnipeg, Canada Email: shaiful.chowdhury@umanitoba.ca 2nd Hisham Kidwai SQM Research Lab, Computer Science University of Manitoba Winnipeg, Canada Email: kidwaih1@myumanitoba.ca","cohort; citations; alignment_score; arqi_equal; corpus_incompleto"
"29","Experimentation in Software Engineering","","","","Experimentation in Software Engineering.pdf","Métricas de Software; Experimentação","Experimento Controlado; Estudo Empírico; Proposta de Framework; Replicação","Coupling/Acoplamento","Teste t; Bayesiana; Precisão/Recall/F1","","journal","","116","116","","medio","Planejamento de experimento; Execução de experimento; Métricas de produto; Métricas de processo; Métricas de projeto; Identificação, organização e validação de métricas de software","11","3","60.0","direta","sim","0-nao_detectada","misto","intermediario","alta_proxy_local","","","","","","","","","","","","","","38:Metrics for Evaluating and Improving Transparency in Software Engineer; 7:A Survey of Controlled Experiments; 1:A Conceptual Model to Support Teaching of Software Engineering Control; 62:Towards Improving Experimentation in Software Engineering; 33:Impact of &#x201C;Evaluating Software Complexity Measures&#x201D;","6","IEEE TRANSACTIONS ON SOFTWARE ENGINEERING, VOL. SE-12, NO.7, JULY 1986 Experimentation in Software Engineering VICTOR R. BASILI, SENIOR MEMBER, IEEE, RICHARD W. SELBY, MEMBER, IEEE, AND DAVID H. HUTCHENS, MEMBER, IEEE 733 Abstract-Experimentation in software engineering supports the ad- vancement of the field through an iterative learning process.","cohort; citations; alignment_score; arqi_equal; corpus_incompleto"
"30","FORMATO PARA ESPECIFICAÇÃO DE REQUISITOS CONJECTURAIS NO","Nome Completo do Autor","","2023","FORMATO PARA ESPECIFICAÇÃO DE REQUISITOS CONJECTURAIS NO CONTEXTO DA EXPERIMENTAÇÃO CONTÍNUA EM ENGENHARIA DE SOFTWARE.pdf","Experimentação","Proposta de Framework","","Correlação de Pearson","IST","","","200","200","","baixo","","0","0","0.0","nao_detectada","baixo","0-nao_detectada","misto","basico_intermediario","media_proxy_local","","","","","","","","","","","","","","","0","FORMATO PARA ESPECIFICAÇÃO DE REQUISITOS CONJECTURAIS NO CONTEXTO DA EXPERIMENTAÇÃO CONTÍNUA EM ENGENHARIA DE SOFTWARE Vladimir Marques Erthal Dissertação de Mestrado apresentada ao Programa de Pós-Graduação em Engenharia de Sistemas e Computação, COPPE, da Universidade Federal do Rio de Janeiro, como parte dos requisitos necessário","cohort; citations; alignment_score; arqi_equal; corpus_incompleto"
"31","05_Roche_01_43122.indd","","","2023","How to Accelerate R&D and Optimize Experiment Planning with Machine Learning and Data Science.pdf","Experimentação; Inteligência Artificial/ML","Proposta de Framework; Machine Learning","","Bayesiana; SVM","","","","0","0","","baixo","","0","0","0.0","nao_detectada","baixo","1-parcial","misto","intermediario","baixa_proxy_local","","","","","","","","","","","","","","","0","ArtificiAl intelligence in chemicAl reseArch CHIMIA 2023, 77, No.1/2 7 *Correspondence: Dr. L. M. Roch, E-Mail: loic@atinary.com Atinary Technologies Sàrl, Lausanne, VD, Switzerland How to Accelerate R&D and Optimize Experiment Planning with Machine Learning and Data Science Daniel Pacheco Gutierrez, Linnea M. Folkmann, Hermann Tribukait, and Loïc","cohort; citations; alignment_score; arqi_equal; corpus_incompleto"
"32","Microsoft Word - 725final","faten","","2008","Impact_of_CMMI_based_software_process_maturity_on_.pdf","Gerenciamento de Projetos; Processo de Software","","Cohesion/Coesão","Bayesiana","","journal","","34","34","","medio","Métricas de processo; Processo de experimentação","2","2","40.0","indireta","sim","1-parcial","misto","intermediario","media_proxy_local","","","","","","","","","","","","","","","0","The International Arab Journal of Information Technology, Vol. 7, No. 2, April 2010 129 Impact of CMMI Based Software Process Maturity on COCOMO II’s Effort Estimation Majed Al Yahya, Rodina Ahmad, and Sai Lee Department of Software Engineering, University of Malaya, Malaysia A","cohort; citations; alignment_score; arqi_equal; corpus_incompleto"
"33","Impact of &#x201C;Evaluating Software Complexity Measures&#x201D;","","","2025","Impact_of_Evaluating_Software_Complexity_Measures.pdf","Métricas de Software; Teste de Software","","","SVM; Precisão/Recall/F1","TSE","journal","","14","14","","medio","Métricas de produto; Métricas de processo; Métricas de projeto; Identificação, organização e validação de métricas de software","4","2","40.0","indireta","sim","0-nao_detectada","misto","intermediario","media_proxy_local","","","","","","","","","","","","","","29:Experimentation in Software Engineering","1","732 IEEE TRANSACTIONS ON SOFTWARE ENGINEERING, VOL. 51, NO. 3, MARCH 2025 Impact of “Evaluating Software Complexity Measures” Elaine J. Weyuker Abstract—We investigate the impact that the paper “Evaluat- ing Software Complexity Measures” has had over the thirty-six year period since it was ﬁrst published in 1988. We look both at how the frequency o","cohort; citations; alignment_score; arqi_equal; corpus_incompleto"
"34","Undertaking systematic reviews","A satisfied Microsoft Office User","","2007","Kitchenham, B. Guidelines for performing Systematic Literature Reviews in software engineering. EBSE Technical Report EBSE-2007-01.pdf","Engenharia de Software (Geral)","Revisão Sistemática; Mapeamento Sistemático","","Effect Size; K-fold/Cross-validation; Precisão/Recall/F1","","report","","29","29","","medio","Nivelamento e revisão de fundamentos de engenharia de software; Métricas de produto; Métricas de processo; Métricas de projeto; Processos e técnicas de medição; Identificação, organização e validação de métricas de software","14","3","50.0","direta","sim","1-parcial","pratico_empirico","avancado","media_proxy_local","","","","","","","","","","","","","","60:The role of measurement uncertainty in the validation of a measurement","1","© Kitchenham, 2007 Guidelines for performing Systematic Literature Reviews in Software Engineering Version 2.3 EBSE Technical Report EBSE-2007-01 Software Engineering Group School of Computer Science and Mathematics Keele University Keele, Staffs ST5 5BG, UK and Department of Computer Science University of Durh","cohort; citations; alignment_score; arqi_equal; corpus_incompleto"
"35","LLM4DS: Evaluating Large Language Models for","","","","LLM4DS Evaluating Large Language Models for Data Science Code Generation.pdf","Experimentação; Inteligência Artificial/ML; Produtividade","Experimento Controlado; Estudo Empírico; Proposta de Framework; Análise Estatística; GQM","","Wilcoxon; Chi-quadrado; Kruskal-Wallis; Regressão Linear; Descritiva; Box Plot","ASE","","","21","21","","medio","Planejamento de experimento; Execução de experimento; Análise de resultados de experimentos","3","2","40.0","indireta","sim","2-alta","misto","avancado","media_proxy_local","","","","","","","","","","","","","","38:Metrics for Evaluating and Improving Transparency in Software Engineer","1","LLM4DS: Evaluating Large Language Models for Data Science Code Generation Nathalia Nascimento EASER, Eng. Division Pennsylvania State University Great Valley, USA nqm5742@psu.edu Everton Guimaraes EASER, Eng. Division Pennsylvania State University Great Valley, USA ezt157@psu.edu Sai Sanjna Chintakunta EASER, Eng. Division Pennsylvania State Univer","cohort; citations; alignment_score; arqi_equal; corpus_incompleto"
"36","Received August 6, 2020, accepted August 13, 2020, date of publication August 20, 2020, date of current version September 2, 2020.","","","2020","Measuring_the_Impact_of_Scope_Changes_on_Project_Plan_Using_EVM.pdf","Gerenciamento de Projetos","","","Correlação de Pearson; Regressão Linear; Regressão Logística; Descritiva","","","","94","94","","baixo","","0","0","0.0","nao_detectada","baixo","1-parcial","misto","intermediario","media_proxy_local","","","","","","","","","","","","","","52:Received 20 August 2023, accepted 31 August 2023, date of publication ","1","Received August 6, 2020, accepted August 13, 2020, date of publication August 20, 2020, date of current version September 2, 2020. Digital Object Identifier 10.1109/ACCESS.2020.3018169 Measuring the Impact of Scope Changes on Project Plan Using EVM SAMAN TARIQ 1, NAVEED AHMAD 2, M. USMAN ASHRAF1, AHMED M. ALGHAMDI 3, AND AHMED S. ALFAKEEH 4 1Depart","cohort; citations; alignment_score; arqi_equal; corpus_incompleto"
"37","Sigmae, Alfenas, v.11, n.2, p. 21-35, 2022.","DEX","","2022","Medição e Análise no CMMI com Metodologia Seis Sigma eISOIECIEEE1593.pdf","Processo de Software","Estudo de Caso","","","","","","0","0","","medio","Métricas de processo; Processo de experimentação","2","2","40.0","indireta","sim","0-nao_detectada","misto","basico_intermediario","baixa_proxy_local","","","","","","","","","","","","","","16:Microsoft Word - FinalPrint07.doc","1","ISSN: 2317-0840 Sigmae, Alfenas, v.11, n.2, p. 21-35, 2022. Medição e Análise no CMMI com Metodologia Seis Sigma e ISO/IEC/IEEE 15939 Charles S. F. Silva†1, Marcelo S. Oliveira2 1 Professor de Informática, Escola Preparatória de Cadetes do Ar (EPICAR). 2Universidade Federal de Lavras (UFLA).. Resumo: Baseados na premissa de que a qua","cohort; citations; alignment_score; arqi_equal; corpus_incompleto"
"38","Metrics for Evaluating and Improving Transparency in Software Engineering: An Empirical Study and Improvement Model","Paulinus Ofem","","2024","Metrics for Evaluating and Improving Transparency in Software Engineering An Empirical Study and Improvement Model.pdf","Manutenção de Software; Experimentação; Processo de Software; Produtividade","Revisão Sistemática; Experimento Controlado; Estudo Empírico; Proposta de Framework; GQM","","Teste t; Correlação de Pearson; Regressão Linear; Effect Size; Descritiva; Precisão/Recall/F1","","","","145","145","","medio","Processo de experimentação; Planejamento de experimento; Execução de experimento; Nivelamento e revisão de fundamentos de engenharia de software; Métricas de processo; Estratégias de experimentação","9","3","75.0","direta","sim","1-parcial","misto","avancado","alta_proxy_local","","","","","","","","","","","","","","29:Experimentation in Software Engineering; 35:LLM4DS: Evaluating Large Language Models for; 7:A Survey of Controlled Experiments; 42:Process metrics for software defect prediction in object‐oriented prog; 21:An External Replication on the Effects of Test-driven","10","Vol.:(0123456789) SN Computer Science (2024) 5:1097 https://doi.org/10.1007/s42979-024-03471-3 SN Computer Science ORIGINAL RESEARCH Metrics for Evaluating and Improving Transparency in Software Engineering: An Empirical Study and Improvement Model Paulinus Ofem1 · Bassey Isong1 · Francis Lugayizi1 Received: 19 April 2024 / Accepted:","cohort; citations; alignment_score; arqi_equal; corpus_incompleto"
"39","Metrics in Large-Scale Agile Software Development: A","","","2021","Metrics in Large-Scale Agile Software Development A Multivocal Literature Review.pdf","Métricas de Software; Métodos Ágeis; Produtividade","Revisão Multivocal","LOC/SLOC; Function Points; Story Points; Velocity; Lead Time","Precisão/Recall/F1","","","","0","0","","medio","Nivelamento e revisão de fundamentos de engenharia de software; Métricas de produto; Métricas de processo; Métricas de projeto; Identificação, organização e validação de métricas de software","5","2","33.3","indireta","sim","1-parcial","misto","intermediario","baixa_proxy_local","","","","","","","","","","","","","","43:Quality Metrics in Agile Software Development Projects; 53:Software Metrics Classification for Agile Scrum Process: A Literature ; 49:Microsoft Word - Software Process Measurement and Related Challenges i; 5:A Review and Analysis of Software Complexity Metrics in Structural Tes; 41:On the Relationship Between Story Points and Development Effort in Agi","5","Metrics in Large-Scale Agile Software Development: A Multivocal Literature Review Renato Menezes1, Marcelo Marinho1, Suzana Sampaio1 1Computer Department – Universidade Federal Rural de Pernambuco (UFRPE) Recife – PE – Brazil {renato.vmenezes, marcelo.marinho,suzana.sampaio}@ufrpe.br Abstract. Software development is widespread across various secto","cohort; citations; alignment_score; arqi_equal; corpus_incompleto"
"40","On Wasted Contributions: Understanding the Dynamics","","","2023","On Wasted Contributions Understanding the Dynamics of Contributor-Abandoned Pull Requests–A Mixed-Methods Study of 10 Large Open-Source Projects.pdf","Inteligência Artificial/ML; Revisão de Código","Survey/Questionário; Estudo Empírico; Machine Learning","","Correlação de Spearman; Effect Size; Box Plot; Random Forest; K-fold/Cross-validation; ROC/AUC; Precisão/Recall/F1","","journal","","82","82","","medio","Nivelamento e revisão de fundamentos de engenharia de software","1","2","33.3","indireta","sim","2-alta","misto","avancado","media_proxy_local","","","","","","","","","","","","","","44:Quality of AI-Generated vs. Human-Generated Code; 41:On the Relationship Between Story Points and Development Effort in Agi; 13:A machine learning approach to vulnerability detection combining softw","3","15 On Wasted Contributions: Understanding the Dynamics of Contributor-Abandoned Pull Requests–A Mixed-Methods Study of 10 Large Open-Source Projects SAYEDHASSAN KHATOONABADI and DIEGO ELIAS COSTA, Concordia University, Canada RABE ABDALKAREEM, Carleton University, Canada EMAD SHIHAB, Concordia University, Canada Pull-based development has enabled n","cohort; citations; alignment_score; arqi_equal; corpus_incompleto"
"41","On the Relationship Between Story Points and Development Effort in Agile Open-Source Software","Vali Tawosi, Rebecca Moussa, Federica Sarro","","","On the Relationship Between Story Points and DevelopmentEffort in Agile Open-Source Software.pdf","Engenharia de Software Empírica; Métodos Ágeis; Gerenciamento de Projetos","Estudo de Caso; Estudo Empírico","Function Points; Story Points","Mann-Whitney; Wilcoxon; Correlação de Pearson; Correlação de Spearman; Effect Size; Shapiro-Wilk; Descritiva; Box Plot; Random Forest; Precisão/Recall/F1","","conference","","58","58","","medio","Nivelamento e revisão de fundamentos de engenharia de software; Métricas de produto; Métricas de processo; Métricas de projeto; Processos e técnicas de medição; Identificação, organização e validação de métricas de software","14","2","33.3","indireta","sim","1-parcial","misto","avancado","media_proxy_local","","","","","","","","","","","","","","48:Software Development and Maintenance Effort Estimation Using Function ; 43:Quality Metrics in Agile Software Development Projects; 46:Empir Software Eng (2017) 22:579–630; 40:On Wasted Contributions: Understanding the Dynamics; 53:Software Metrics Classification for Agile Scrum Process: A Literature ","6","On the Relationship Between Story Points and Development Effort in Agile Open-Source Software Vali Tawosi University College London London, UK vali.tawosi@ucl.ac.uk Rebecca Moussa University College London London, UK rebecca.moussa.18@ucl.ac.uk Federica Sarro University College London London, UK f.sarro@ucl.ac.uk ABSTRACT Background: Previous work","cohort; citations; alignment_score; arqi_equal; corpus_incompleto"
"42","Process metrics for software defect prediction in object‐oriented programs","","","2018","Process metrics for software defectprediction in object-oriented programs.pdf","Métricas de Software; Segurança de Software; Predição de Defeitos","Estudo Empírico","Code Churn; Halstead; Defect Density","Wilcoxon; Correlação de Pearson; Regressão Linear; Regressão Logística; Effect Size; Bayesiana; ROC/AUC; Precisão/Recall/F1","","","","57","57","","medio","Métricas de produto; Métricas de processo; Métricas de projeto; Identificação, organização e validação de métricas de software","4","2","40.0","indireta","sim","1-parcial","misto","avancado","alta_proxy_local","","","","","","","","","","","","","","54:Source Code Metrics for Software Defects Prediction; 38:Metrics for Evaluating and Improving Transparency in Software Engineer; 64:Unveiling Hybrid Cyclomatic Complexity: A Comprehensive Analysis and E; 20:An Empirical Validation of Cognitive Complexity as a Measure of Source","4","IET Software Research Article Process metrics for software defect prediction in object-oriented programs ISSN 1751-8806 Received on 8th December 2018 Revised 13th July 2019 Accepted on 19th November 2019 E-First on 26th February 2020 doi: 10.1049/iet-sen.2018.5439 www.ietdl.org Qiao Yu1 , Shujuan Jiang2,3, Junyan Qian4,5, Lili Bo6, Li Jiang2,3, Gon","cohort; citations; alignment_score; arqi_equal; corpus_incompleto"
"43","Quality Metrics in Agile Software Development Projects","Kristīne Kārkliņa, Rūta Pirta","","2018","Quality_metrics_in_Agile_Software_Development_Proj.pdf","Métricas de Software; Métodos Ágeis; Gerenciamento de Projetos","Estudo de Caso; GQM","Velocity","Precisão/Recall/F1","","","","20","20","","medio","Métricas de produto; Métricas de processo; Métricas de projeto; Identificação, organização e validação de métricas de software","4","2","40.0","indireta","sim","0-nao_detectada","misto","basico_intermediario","media_proxy_local","","","","","","","","","","","","","","49:Microsoft Word - Software Process Measurement and Related Challenges i; 53:Software Metrics Classification for Agile Scrum Process: A Literature ; 39:Metrics in Large-Scale Agile Software Development: A; 19:Adjustment Level Metrics for Requirements in Project Management; 41:On the Relationship Between Story Points and Development Effort in Agi","6","Information Technology and Management Science 54 ISSN 2255-9094 (online) ISSN 2255-9086 (print) December 2018, vol. 21, pp. 54–59 doi: 10.7250/itms-2018-0008 https://itms-journals.rtu.lv ©2018 Kristīne Kārkliņa, Rūta Pirta. This is an open access article licensed under the Creative Commons Attribution License (http://creativecommons.o","cohort; citations; alignment_score; arqi_equal; corpus_incompleto"
"44","Quality of AI-Generated vs. Human-Generated Code","","","","Quality_of_AI-Generated_vs._Human-Generated_Code.pdf","Métricas de Software; Qualidade de Software; Manutenção de Software; Inteligência Artificial/ML","Survey/Questionário; Machine Learning","Complexidade Ciclomática","Random Forest; SVM; Precisão/Recall/F1","","","","16","16","","medio","Métricas de produto; Métricas de processo; Métricas de projeto; Identificação, organização e validação de métricas de software","4","2","40.0","indireta","sim","2-alta","misto","avancado","media_proxy_local","","","","","","","","","","","","","","13:A machine learning approach to vulnerability detection combining softw; 5:A Review and Analysis of Software Complexity Metrics in Structural Tes; 47:SOFTWARE CODE QUALITY MEASUREMENT: IMPLICATIONS FROM; 14:A preliminary GQM model to evaluate web API; 64:Unveiling Hybrid Cyclomatic Complexity: A Comprehensive Analysis and E","9","Quality of AI-Generated vs. Human-Generated Code Tasneem Muhammed Eltabakh Communication & Information Engineering Zewail City Giza, Egypt s-tasneem.attia@zewailcity.edu.eg Nada Nabil Soudi Communication & Information Engineering Zewail City Giza, Egypt s-nada.soudi@zewailcity.edu.eg Doaa Shawky Software Development Program Zewail City Giza, Egypt","cohort; citations; alignment_score; arqi_equal; corpus_incompleto"
"45","https://doi.org/10.1007/s10664-024-10504-1","","","2024","Recommendations for analysing and meta-analysing small sample size software engineering experiments.pdf","Engenharia de Software Empírica; Experimentação","Experimento Controlado; Meta-análise; Análise Estatística","","Mann-Whitney; Chi-quadrado; Effect Size; Shapiro-Wilk; Box Plot; Teste de Normalidade","Empirical Software Engineering","journal","","114","114","","alto","Planejamento de experimento; Execução de experimento; Análise de resultados de experimentos; Estratégias de experimentação; Processo de experimentação; Apresentação de resultados experimentais","18","4","80.0","direta","sim","1-parcial","misto","avancado","media_proxy_local","","","","","","","","","","","","","","46:Empir Software Eng (2017) 22:579–630","1","https://doi.org/10.1007/s10664-024-10504-1 Recommendations for analysing and meta-analysing small sample size software engineering experiments Barbara Kitchenham1 · Lech Madeyski2 Accepted: 24 May 2024 / © The Author(s) 2024 Abstract Context Software engineering (SE) experiments often have small sample sizes. This can result in data sets with non-n","cohort; citations; alignment_score; arqi_equal; corpus_incompleto"
"46","Empir Software Eng (2017) 22:579–630","","","2017","Robust Statistical Methods for Empirical Software Engineering.pdf","Métricas de Software; Engenharia de Software Empírica","Revisão Sistemática; Análise Estatística","","Teste t; Mann-Whitney; Wilcoxon; ANOVA; Kruskal-Wallis; Effect Size; Shapiro-Wilk; Kolmogorov-Smirnov; Bootstrap; Box Plot; Teste de Normalidade; ROC/AUC; Precisão/Recall/F1","","journal","","200","200","","medio","Nivelamento e revisão de fundamentos de engenharia de software; Métricas de produto; Métricas de processo; Métricas de projeto; Identificação, organização e validação de métricas de software; Análise de resultados de experimentos","18","3","50.0","direta","sim","1-parcial","misto","avancado","media_proxy_local","","","","","","","","","","","","","","24:Application of Statistical Methods in Software Engineering: Theory and; 2:Technical Report, Simula Research Laboratory, number 2011-13; 28:Evidence is All We Need: Do Self-Admitted Technical Debts Impact Metho; 45:https://doi.org/10.1007/s10664-024-10504-1; 41:On the Relationship Between Story Points and Development Effort in Agi","7","Empir Software Eng (2017) 22:579–630 DOI 10.1007/s10664-016-9437-5 Robust Statistical Methods for Empirical Software Engineering Barbara Kitchenham1 ·Lech Madeyski2 ·David Budgen3 · Jacky Keung4 ·Pearl Brereton1 ·Stuart Charters5 · Shirley Gibbs5 ·Amnart Pohthong6 Published online: 16 June 2016 © The Author(s) 2016. This article is published with o","cohort; citations; alignment_score; arqi_equal; corpus_incompleto"
"47","SOFTWARE CODE QUALITY MEASUREMENT: IMPLICATIONS FROM","","","2024","SOFTWARE CODE QUALITY MEASUREMENT IMPLICATIONS FROM METRIC DISRIBUTIONS.pdf","Manutenção de Software; Inteligência Artificial/ML; Revisão de Código","Machine Learning","","ROC/AUC","IST","preprint","","34","34","","medio","Nivelamento e revisão de fundamentos de engenharia de software","1","2","33.3","indireta","sim","2-alta","misto","basico_intermediario","alta_proxy_local","","","","","","","","","","","","","","44:Quality of AI-Generated vs. Human-Generated Code","1","SOFTWARE CODE QUALITY MEASUREMENT: IMPLICATIONS FROM METRIC DISTRIBUTIONS A PREPRINT Siyuan Jin1,2, Mianmian Zhang1, Yekai Guo3, Yuejiang He1, Ziyuan Li4,1,∗, Bichao Chen1,∗, Bing Zhu1,∗, and Yong Xia1,∗ 1 HSBC Laboratory, Guangzhou, China 2 School of Business and Management, Hong Kong University of Science and Technology, Hong Kong, China 3 School","cohort; citations; alignment_score; arqi_equal; corpus_incompleto"
"48","Software Development and Maintenance Effort Estimation Using Function Points and Simpler Functional Measures","Luigi Lavazza, Angela Locoro and Roberto Meli","","2024","Software Development and Maintenance Effort Estimation Using Function Points and Simpler Functional Measures.pdf","Gerenciamento de Projetos","Estudo Empírico","Function Points","Bayesiana; Descritiva; Box Plot","","journal","","94","94","","baixo","","0","0","0.0","nao_detectada","baixo","1-parcial","misto","intermediario","alta_proxy_local","","","","","","","","","","","","","","41:On the Relationship Between Story Points and Development Effort in Agi","1","Citation: Lavazza, L.; Locoro, A.; Meli, R. Software Development and Maintenance Effort Estimation Using Function Points and Simpler Functional Measures. Software 2024, 3, 442–472. https://doi.org/10.3390/ software3040022 Academic Editors: Alessio Ferrari and Hongyu Zhang Received: 6 September 2024 Revised: 25 October 2024 Accepted: 26 October 2024","cohort; citations; alignment_score; arqi_equal; corpus_incompleto"
"49","Microsoft Word - Software Process Measurement and Related Challenges in Agile Software Developmen - A Multiple Case Study (Latest)","pram","","2020","Software Process Measurement and Related Challenges in Agile Software Development A Multiple Case Study.pdf","Métricas de Software; Métodos Ágeis; Processo de Software","Revisão Sistemática; Estudo de Caso; Estudo Empírico; GQM","Velocity","Precisão/Recall/F1","","","","75","75","","medio","Métricas de processo; Nivelamento e revisão de fundamentos de engenharia de software; Métricas de produto; Métricas de projeto; Identificação, organização e validação de métricas de software; Processo de experimentação","6","3","60.0","direta","sim","2-alta","misto","basico_intermediario","alta_proxy_local","","","","","","","","","","","","","","43:Quality Metrics in Agile Software Development Projects; 39:Metrics in Large-Scale Agile Software Development: A; 53:Software Metrics Classification for Agile Scrum Process: A Literature ; 16:Microsoft Word - FinalPrint07.doc; 38:Metrics for Evaluating and Improving Transparency in Software Engineer","5","Software Process Measurement and Related Challenges in Agile Software Development: A Multiple Case Study Prabhat Ram1, Pilar Rodriguez1, and Markku Oivo1 1 M3S, University of Oulu, 90014 Oulu, Finland (prabhat.ram, pilar.rodriguez, markku.oivo)@oulu.fi Abstract. Existing scientific literature highlights the importance of metrics in Agile Soft","cohort; citations; alignment_score; arqi_equal; corpus_incompleto"
"50","Software Product Quality Metrics: A Systematic Mapping Study","","","2021","Software Product Quality Metrics A Systematic Mapping Study.pdf","Qualidade de Software; Inteligência Artificial/ML","Mapeamento Sistemático; Machine Learning","","Correlação de Pearson; Precisão/Recall/F1","","conference","","60","60","","baixo","","0","0","0.0","nao_detectada","baixo","1-parcial","misto","intermediario","alta_proxy_local","","","","","","","","","","","","","","56:Techniques for Calculating Software Product Metrics Threshold Values: ","1","Received December 30, 2020, accepted January 15, 2021, date of publication January 26, 2021, date of current version March 26, 2021. Digital Object Identifier 10.1109/ACCESS.2021.3054730 Software Product Quality Metrics: A Systematic Mapping Study FATIMA NUR COLAKOGLU 1, ALI YAZICI 2, AND ALOK MISHRA 2,3, (Senior Member, IEEE) 1HAVELSAN, 06510 Anka","cohort; citations; alignment_score; arqi_equal; corpus_incompleto"
"51","This is a title","erika","","2023","Software quality models Exploratory review.pdf","Qualidade de Software; Processo de Software","Revisão Sistemática","","","","journal","","37","37","","medio","Nivelamento e revisão de fundamentos de engenharia de software; Métricas de processo; Processo de experimentação","3","2","33.3","indireta","sim","0-nao_detectada","misto","basico_intermediario","alta_proxy_local","","","","","","","","","","","","","","","0","EAI Endorsed Transactions on Scalable Information Systems Research Article 1 EAI Endorsed Transactions on Scalable Information Systems 2023 | Volume 10 | Issue 6 Software quality models: Exploratory review Lloy Pinedo1*, Miguel Valles-Coral1, Jorge Raul Navarro-Cabrera1, Richard Injante1, Ángel Cárdenas- García1, Fernando Ruiz-Saavedra1, Ce","cohort; citations; alignment_score; arqi_equal; corpus_incompleto"
"52","Received 20 August 2023, accepted 31 August 2023, date of publication 7 September 2023, date of current version 15 September 2023.","","","2023","Software_Cost_and_Effort_Estimation_Current_Approaches_and_Future_Trends.pdf","Gerenciamento de Projetos; Inteligência Artificial/ML","Revisão Sistemática; Machine Learning","Function Points","Wilcoxon; Regressão Linear; SVM","IST","","","121","121","","medio","Nivelamento e revisão de fundamentos de engenharia de software","1","2","33.3","indireta","sim","2-alta","misto","avancado","alta_proxy_local","","","","","","","","","","","","","","36:Received August 6, 2020, accepted August 13, 2020, date of publication","1","Received 20 August 2023, accepted 31 August 2023, date of publication 7 September 2023, date of current version 15 September 2023. Digital Object Identifier 10.1109/ACCESS.2023.3312716 Software Cost and Effort Estimation: Current Approaches and Future Trends CHAUDHARY HAMZA RASHID 1, IMRAN SHAFI 2, JAMIL AHMAD 1, (Senior Member, IEEE), ERNESTO BAUT","cohort; citations; alignment_score; arqi_equal; corpus_incompleto"
"53","Software Metrics Classification for Agile Scrum Process: A Literature Review","","","","Software_Metrics_Classification_for_Agile_Scrum_Process_A_Literature_Review.pdf","Métricas de Software; Métodos Ágeis; Gerenciamento de Projetos; Produtividade","Proposta de Framework","Story Points","Precisão/Recall/F1","","","","29","29","","medio","Métricas de produto; Métricas de processo; Métricas de projeto; Identificação, organização e validação de métricas de software","4","2","40.0","indireta","sim","1-parcial","misto","basico_intermediario","media_proxy_local","","","","","","","","","","","","","","43:Quality Metrics in Agile Software Development Projects; 39:Metrics in Large-Scale Agile Software Development: A; 19:Adjustment Level Metrics for Requirements in Project Management; 49:Microsoft Word - Software Process Measurement and Related Challenges i; 41:On the Relationship Between Story Points and Development Effort in Agi","6","Software Metrics Classification for Agile Scrum Process: A Literature Review Reni Kurnia1, Ridi Ferdiana2, Sunu Wibirama3 Department of Electrical Engineering and Information Technology123 Universitas Gadjah Mada Yogyakarta, Indonesia reni.kurnia@mail.ugm.ac.id1, ridi@ugm.ac.id2, sunu@ugm.ac.id3 Abstract—Software metrics play an imp","cohort; citations; alignment_score; arqi_equal; corpus_incompleto"
"54","Source Code Metrics for Software Defects Prediction","Dominik Arne Rebro, Bruno Rossi, and Stanislav Chren","","2023","Source Code Metrics for Software Defects Prediction.pdf","Métricas de Software; Qualidade de Software; Predição de Defeitos","Estudo Empírico; Machine Learning; Replicação; Mineração de Repositórios","LOC/SLOC; Complexidade Ciclomática; Complexidade Cognitiva; Code Churn; Coupling/Acoplamento; Cohesion/Coesão; WMC; DIT; NOC; RFC; CK Metrics","Mann-Whitney; ANOVA; Kruskal-Wallis; Regressão Linear; Regressão Logística; Bayesiana; Descritiva; Box Plot; Random Forest; K-fold/Cross-validation; ROC/AUC; Precisão/Recall/F1","","conference","","30","30","","medio","Métricas de produto; Métricas de processo; Métricas de projeto; Identificação, organização e validação de métricas de software","4","2","40.0","indireta","sim","2-alta","misto","avancado","alta_proxy_local","","","","","","","","","","","","","","13:A machine learning approach to vulnerability detection combining softw; 42:Process metrics for software defect prediction in object‐oriented prog; 64:Unveiling Hybrid Cyclomatic Complexity: A Comprehensive Analysis and E; 44:Quality of AI-Generated vs. Human-Generated Code","4","Source Code Metrics for Software Defects Prediction Dominik Arne Rebro Masaryk University Brno, Czech Republic domco28@mail.muni.cz Bruno Rossi Masaryk University Brno, Czech Republic brossi@mail.muni.cz Stanislav Chren Masaryk University Brno, Czech Republic chren@mail.muni.cz ABSTRACT In current research, there are contrasting results about the a","cohort; citations; alignment_score; arqi_equal; corpus_incompleto"
"55","THE GOAL QUESTION METRIC APPROACH","","","","THE GOAL QUESTION METRIC APPROACH.pdf","Qualidade de Software; Processo de Software; Produtividade","Estudo de Caso; Proposta de Framework; GQM","LOC/SLOC; Defect Density","Precisão/Recall/F1","","","","0","0","","medio","Métricas de processo; Processo de experimentação","2","2","40.0","indireta","sim","0-nao_detectada","teorico_propositivo","basico_intermediario","baixa_proxy_local","","","","","","","","","","","","","","29:Experimentation in Software Engineering","1","1 THE GOAL QUESTION METRIC APPROACH Victor R. Basili1 Gianluigi Caldiera1 H. Dieter Rombach2 (1) Institute for Advanced Computer Studies Department of Computer Science University Of Maryland College Park, Maryland (2) FB Informatik Universität Kaiserslautern Kaiserslautern, Germany 1. INTRODUCTION As with any engineering discipline, softwar","cohort; citations; alignment_score; arqi_equal; corpus_incompleto"
"56","Techniques for Calculating Software Product Metrics Threshold Values: A Systematic Mapping Study","Alok Mishra, Raed Shatnawi, Cagatay Catal and Akhan Akbulut","","2021","Techniques for Calculating Software Product Metrics Threshold Values A Systematic Mapping Study.pdf","Métricas de Software; Qualidade de Software","Mapeamento Sistemático","CK Metrics","Regressão Logística; Descritiva; ROC/AUC","","journal","","200","200","","medio","Métricas de produto; Métricas de processo; Métricas de projeto; Identificação, organização e validação de métricas de software","4","2","40.0","indireta","sim","1-parcial","pratico_empirico","intermediario","alta_proxy_local","","","","","","","","","","","","","","50:Software Product Quality Metrics: A Systematic Mapping Study","1","applied sciences Article Techniques for Calculating Software Product Metrics Threshold Values: A Systematic Mapping Study Alok Mishra 1,2,* , Raed Shatnawi 3 , Cagatay Catal 4 and Akhan Akbulut 5   Citation: Mishra, A.; Shatnawi, R.; Catal, C.; Akbulut, A. Techniques for Calculating Software Product Metrics Threshold Values: A Sys","cohort; citations; alignment_score; arqi_equal; corpus_incompleto"
"57","The Experimental Paradigm in Software Engeneering","","","","The Experimental Paradigm in Software Engeneering.pdf","Engenharia de Software (Geral)","","","","","","","0","0","","medio","Nivelamento e revisão de fundamentos de engenharia de software; Métricas de produto; Métricas de processo; Métricas de projeto; Processos e técnicas de medição; Identificação, organização e validação de métricas de software","14","2","33.3","indireta","sim","0-nao_detectada","nao_classificado","basico_intermediario","baixa_proxy_local","","","","","","","","","","","","","","23:An´alise da Eficiˆencia do Uso de Recursos de M´aquina na; 60:The role of measurement uncertainty in the validation of a measurement","2","","cohort; citations; alignment_score; arqi_equal; corpus_incompleto"
"58","eveloper productivity is complex and nuanced,","","","2021","The Space of Developer Productivity There's more to it than you think.pdf","Revisão de Código; Produtividade","","","Precisão/Recall/F1","","","","150","150","","baixo","","0","0","0.0","nao_detectada","baixo","2-alta","misto","basico_intermediario","baixa_proxy_local","","","","","","","","","","","","","","","0","productivity D eveloper productivity is complex and nuanced, with important implications for software development teams. A clear understanding of defining, measuring, and predicting developer productivity could provide organizations, managers, and developers with the ability to make higher- quality software—and make it more efficiently. Devel","cohort; citations; alignment_score; arqi_equal; corpus_incompleto"
"59","The effects of change decomposition on code review-a controlled experiment","Marco di Biase","","2019","The effects of change decomposition on code review --a controlled experiment.pdf","Qualidade de Software; Manutenção de Software; Experimentação; Segurança de Software; Revisão de Código","Experimento Controlado; Replicação","","Teste t; Effect Size; Descritiva; Box Plot","","","","132","132","","medio","Planejamento de experimento; Execução de experimento; Nivelamento e revisão de fundamentos de engenharia de software; Estratégias de experimentação; Processo de experimentação; Análise de resultados de experimentos","8","3","60.0","direta","sim","2-alta","misto","intermediario","alta_proxy_local","","","","","","","","","","","","","","21:An External Replication on the Effects of Test-driven; 38:Metrics for Evaluating and Improving Transparency in Software Engineer","2","The effects of change decomposition on code review—a controlled experiment Marco di Biase1,2, Magiel Bruntink2, Arie van Deursen1 and Alberto Bacchelli3 1 Delft University of Technology, Delft, The Netherlands 2 Software Improvement Group, Amsterdam, The Netherlands 3 University of Zurich, Zurich, Switzerland ABSTRACT Background: Code review is a c","cohort; citations; alignment_score; arqi_equal; corpus_incompleto"
"60","The role of measurement uncertainty in the validation of a measurement procedure","Fernando C. Raposo","","2024","The role of measurement uncertainty in the validation of a measurement procedure.pdf","Engenharia de Software (Geral)","","","Precisão/Recall/F1","","book","","11","11","","medio","Nivelamento e revisão de fundamentos de engenharia de software; Métricas de produto; Métricas de processo; Métricas de projeto; Processos e técnicas de medição; Identificação, organização e validação de métricas de software","14","2","33.3","indireta","sim","2-alta","teorico_propositivo","basico_intermediario","baixa_proxy_local","","","","","","","","","","","","","","34:Undertaking systematic reviews; 57:The Experimental Paradigm in Software Engeneering; 15:ADmM: Anomaly Detection for Microservice Systems with Incomplete Metri","3","Vol.:(0123456789) Accreditation and Quality Assurance (2024) 29:267 https://doi.org/10.1007/s00769-024-01593-y CORRESPONDENCE The role of measurement uncertainty in the validation of a measurement procedure Fernando C. Raposo1 · Michael H. Ramsey2 Received: 8 January 2024 / Accepted: 26 March 2024 / Published online: 13 April 2024 © The Autho","cohort; citations; alignment_score; arqi_equal; corpus_incompleto"
"61","Proceedings Template - WORD","End User Computing Services","","2019","Top Challenges from the first Practical Online Controlled Experiments Summit.pdf","Experimentação","Experimento Controlado; Survey/Questionário","","Teste t; Regressão Linear; Regressão Logística; Bayesiana; Random Forest","","","","77","77","","medio","Planejamento de experimento; Execução de experimento; Estratégias de experimentação; Processo de experimentação; Análise de resultados de experimentos; Apresentação de resultados experimentais","7","3","60.0","direta","sim","0-nao_detectada","pratico_empirico","avancado","alta_proxy_local","","","","","","","","","","","","","","","0","Appears in the June 2019 issue of SIGKDD Explorations Volume 21, Issue 1 https://bit.ly/OCESummit1 SIGKDD Explorations Volume 21, Issue 1 Page 20 Top Challenges from the first Practical Online Controlled Experiments Summit Somit Gupta (Microsoft)1, Ronny Kohavi (Microsoft) 2, Diane Tang (Google) 3, Ya Xu (LinkedIn) 4, Reid Andersen (Airbnb),","cohort; citations; alignment_score; arqi_equal; corpus_incompleto"
"62","Towards Improving Experimentation in Software Engineering","Edson OliveiraJr, Viviane Furtado, Henrique Vignando, Carlos Luz, André Cordeiro, Igor Steinmacher, Avelino Zorzo","","2021","Towards Improving Experimentation in Software Engineering.pdf","Engenharia de Software Empírica; Experimentação","Experimento Controlado; Meta-análise; Replicação","","Teste t","","conference","","20","20","","alto","Planejamento de experimento; Execução de experimento; Análise de resultados de experimentos; Estratégias de experimentação; Processo de experimentação; Apresentação de resultados experimentais","18","4","80.0","direta","sim","2-alta","misto","intermediario","media_proxy_local","","","","","","","","","","","","","","7:A Survey of Controlled Experiments; 29:Experimentation in Software Engineering","2","Towards Improving Experimentation in Software Engineering Edson OliveiraJr, Viviane Furtado, Henrique Vignando, Carlos Luz, André Cordeiro State University of Maringá (UEM) Maringá, PR, Brazil edson@din.uem.br {viviane.rfurtado,rickuev}@gmail.com carlos.danilo.luz@gmail.com cordeiroandrefelipe@gmail.com Igor Steinmacher Federal University of Techno","cohort; citations; alignment_score; arqi_equal; corpus_incompleto"
"63","Unlocking inclusive education: A quality assessment of software design in applications for children with autism","Yussy Chinchay","","2019","Unlocking inclusive education A quality assessment of software design in applications for children with autism.pdf","Engenharia de Software (Geral)","Proposta de Framework","","Teste de Normalidade","","journal","","165","165","","medio","Nivelamento e revisão de fundamentos de engenharia de software; Métricas de produto; Métricas de processo; Métricas de projeto; Processos e técnicas de medição; Identificação, organização e validação de métricas de software","14","2","33.3","indireta","sim","1-parcial","misto","basico_intermediario","media_proxy_local","","","","","","","","","","","","","","","0","Contents lists available at ScienceDirect The Journal of Systems & Software journal homepage: www.elsevier.com/locate/jss Unlocking inclusive education: A quality assessment of software design in applications for children with autism✩ Yussy Chinchay ∗, Javier Gomez, Germán Montoro Universidad Autónoma de Madrid, Ciudad Universitaria de Cantoblanco,","cohort; citations; alignment_score; arqi_equal; corpus_incompleto"
"64","Unveiling Hybrid Cyclomatic Complexity: A Comprehensive Analysis and Evaluation as an Integral Feature in Automatic Defect Prediction Models","Laura Diana Cernău; Laura Dioșan; Camelia Șerban;","","2025","Unveiling Hybrid Cyclomatic Complexity A Comprehensive Analysis and Evaluation as an Integral Feature in Automatic Defect Prediction Models.pdf","Métricas de Software; Qualidade de Software; Manutenção de Software; Predição de Defeitos","","LOC/SLOC; Complexidade Ciclomática","Correlação de Pearson; Bayesiana; Random Forest; SVM; Precisão/Recall/F1","","preprint","","21","21","","medio","Métricas de produto; Métricas de processo; Métricas de projeto; Identificação, organização e validação de métricas de software","4","2","40.0","indireta","sim","2-alta","misto","avancado","media_proxy_local","","","","","","","","","","","","","","5:A Review and Analysis of Software Complexity Metrics in Structural Tes; 20:An Empirical Validation of Cognitive Complexity as a Measure of Source; 42:Process metrics for software defect prediction in object‐oriented prog; 44:Quality of AI-Generated vs. Human-Generated Code; 54:Source Code Metrics for Software Defects Prediction","5","Unveiling Hybrid Cyclomatic Complexity: A Comprehensive Analysis and Evaluation as an Integral Feature in Automatic Defect Prediction Models Laura Diana Cernăua, Laura Dios,ana, Camelia S, erbana aBabes,-Bolyai University Faculty of Mathematics and Computer Science, Kogălniceanu, 1, 400084, Cluj, Romania Abstract The complex software systems develo","cohort; citations; alignment_score; arqi_equal; corpus_incompleto"
"65","Web System for Metrics Control applying the GQM Method in a Software Development Center","Jesús Minero-Guardado","","2025","WEB_SYSTEM_FOR_METRICS_CONTROL_APPLYING_THE_GQM_ME.pdf","Métricas de Software; Qualidade de Software","Proposta de Framework; GQM","","","","","","12","12","","medio","Métricas de produto; Métricas de processo; Métricas de projeto; Identificação, organização e validação de métricas de software","4","2","40.0","indireta","sim","1-parcial","misto","basico_intermediario","media_proxy_local","","","","","","","","","","","","","","18:A study of component based software system metrics","1","Revista Facultad de Ingeniería (Rev. Fac. Ing.) Vol. 34 No. 72. L-ISSN: 0121-1129, e-ISSN: 2357-5328. DOI: 10.19053/01211129.v34.n72.2025.19104 WEB SYSTEM FOR METRICS CONTROL APPLYING THE GQM METHOD IN A SOFTWARE DEVELOPMENT CENTER Sistema Web para el Control de Métricas a través del Método GQM en un Centro de Desarrollo de Software Jesús Minero-","cohort; citations; alignment_score; arqi_equal; corpus_incompleto"
"66","What's DAT? Three Case Studies of Measuring Software Development Productivity at Meta With Diff Authoring Time","Moritz Beller; Amanda Park; Karim Nakad; Akshay Patel; Sarita Mohanty; Ford Garberson; Ian G. Malone; Vaishali Garg; Henri Verroken; Andrew Kennedy; Pavel Avgustinov","","2026","Whats DAT Three Case Studies of Measuring Software.pdf","Experimentação; Produtividade","Experimento Controlado; Estudo de Caso","LOC/SLOC; Function Points; Velocity","Teste t; Effect Size; Descritiva; K-fold/Cross-validation","ICSE","preprint","","63","63","","medio","Planejamento de experimento; Execução de experimento; Estratégias de experimentação; Processo de experimentação; Análise de resultados de experimentos; Apresentação de resultados experimentais","7","3","60.0","direta","sim","1-parcial","misto","avancado","alta_proxy_local","","","","","","","","","","","","","","38:Metrics for Evaluating and Improving Transparency in Software Engineer","1","What’s DAT? Three Case Studies of Measuring Software Development Productivity at Meta With Diff Authoring Time Moritz Beller mmb@meta.com DevInfra, Meta Platforms, Inc. Menlo Park, USA Amanda Park DevInfra, Meta Platforms, Inc. Menlo Park, USA Karim Nakad DevInfra, Meta Platforms, Inc. Menlo Park, USA Akshay Patel DevInfra, Meta Platforms, Inc. Men","cohort; citations; alignment_score; arqi_equal; corpus_incompleto"
