"id","arquivo","titulo","autores","ano","abstract","keywords","doi","veiculo_publicacao","num_paginas","num_referencias","tamanho_amostra","metodologia","areas_pesquisa","metricas_mencionadas","metodos_estatisticos","ferramentas_tecnologias","padroes_normas","contexto_dominio","idioma","caminho_pdf"
"1","A Conceptual Model to Support Teaching of SoftwareEngineering Controlled (Quasi-)Experiments.pdf","A Conceptual Model to Support Teaching of Software Engineering Controlled (Quasi-)Experiments","","2023","Throughout controlled experimentation, it is possible to provide evidence of the software being developed. In the academic envi- ronment, Experimentation in Software Engineering (ESE) is essen- tial to understanding cause-effect relations, enabling a vision of the development process, and taking action on actual events in the software industry. As much as the experimentation processes have been used in industry and academia, there is a lack of for- malization of the principles of ESE teaching and artifacts that can be useful to support it in higher education. One of the means to contribute ...","Teaching of Controlled Experimentation, Controlled Experimenta- tion, TAM Model, Conceptual Modeling, Concepts","10.1145/3613372.3614202","","10","30","78","Experimento Controlado; Survey/Questionário; Estudo Empírico","Experimentação","","","","","Indústria; Acadêmico; Educação","EN","../data/raw/artigos/A Conceptual Model to Support Teaching of SoftwareEngineering Controlled (Quasi-)Experiments.pdf"
"2","A Hitchhiker's guide to statistical tests for assessing randomized algorithms in software engineering.pdf","Technical Report, Simula Research Laboratory, number 2011-13","","2011","Randomized algorithms have been used to successfully address many different types of software engi- neering problems. This type of algorithms entail a signiﬁcant degree of randomness as part of their logic. Randomized algorithms are useful to address difﬁcult problems where a precise solution cannot be derived in a deterministic way within reasonable time. However, randomized algorithms can produce different results on every run when applied to the same problem instance. It is hence important to assess the effectiveness of randomized algorithms by collecting data from a large enough number ...","","","","29","110","2","Revisão Sistemática; Survey/Questionário","Teste de Software","","Teste t; Mann-Whitney; Wilcoxon; ANOVA; Kruskal-Wallis; Regressão Linear; Effect Size; Fisher's Exact; Box Plot; Precisão/Recall/F1","","Boehm Model","","EN","../data/raw/artigos/A Hitchhiker's guide to statistical tests for assessing randomized algorithms in software engineering.pdf"
"3","A Large-Scale Empirical Study of AI-Generated Code in.pdf","A Large-Scale Empirical Study of AI-Generated Code in Real-World Repositories","Tianhao Mao; Dongfang Zhao; Haixu Tang; Xiaofeng Wang; Hang Zhang","2026","Large language models (LLMs) are increasingly used in software development, generating code that ranges from short snippets to substantial project components. As AI-generated code becomes more common in real-world repositories, it is important to under- stand how it differs from human-written code and how AI assistance may influence development practices. However, existing studies have largely relied on small-scale or controlled settings, leaving a limited understanding of AI-generated code in the wild. In this work, we present a large-scale empirical study of AI- generated code collected f...","(e.g., “fix”, “revert”), stabilization","10.1145/nnnnnnn.nnnnnnn","","12","43","31","Estudo Empírico","Manutenção de Software; Inteligência Artificial/ML","Complexidade Ciclomática","Mann-Whitney; Wilcoxon; Chi-quadrado; Correlação de Pearson; Effect Size","GitHub; Python; Java; Understand (SciTools); ChatGPT/GPT; GitHub Copilot","","Acadêmico","EN","../data/raw/artigos/A Large-Scale Empirical Study of AI-Generated Code in.pdf"
"4","A Quality Model-based Approach for Measuring UserInterface Aesthetics with Grace.pdf","A Quality Model-based Approach for Measuring User Interface Aesthetics with Grace","Mathieu Zen","2023","","and Phrases: Aesthetics, Graphical User Interfaces, Software measurement, User interface evaluation, Usability engineering, Visual measures, Visual techniques","10.1145/3593224","","47","106","88","Survey/Questionário","Qualidade de Software","Cohesion/Coesão","Regressão Linear; Descritiva; Precisão/Recall/F1","Java; Google Scholar","ISO/IEC 25010 (SQuaRE); GQM","Indústria; Acadêmico; Web/Mobile","EN","../data/raw/artigos/A Quality Model-based Approach for Measuring UserInterface Aesthetics with Grace.pdf"
"5","A Review and Analysis of Software Complexity Metrics in Structural Testing.pdf","A Review and Analysis of Software Complexity Metrics in Structural Testing","","","Software metrics is developed and used by the various software organizations for evaluating and assuring software code quality, operation, and maintenance. Software metrics measure various types of software complexity like size metrics, control flow metrics and data flow metrics. These software complexities must be continuously calculated, followed, and controlled. One of the main objectives of software metrics is that applies to a process and product metrics. It is always considered that high degree of complexity in a module is bad in comparison to a low degree of complexity in a module. S...","","","","5","17","","","Métricas de Software; Qualidade de Software; Manutenção de Software; Processo de Software","LOC/SLOC; Complexidade Ciclomática; Function Points; Code Coverage; Halstead","Precisão/Recall/F1","","","Indústria","EN","../data/raw/artigos/A Review and Analysis of Software Complexity Metrics in Structural Testing.pdf"
"6","A Study on Software Metrics and its Impact on Software Quality.pdf","2-815-A Study on Software Metrics and its Impact on Software Quality.cdr","khalil","","Software metrics offer a quantitative basis for predicting the software development process. In this way, software quality can be improved very easily. Software quality should be achieved to satisfy the customer with decreasing the software cost and improve there liability of the software product. In this research, we have discussed how the software metrics affect the quality of the software and which stages of its development software metrics have applied. We discussed the different software metrics and how these metrics have an impact on software quality and reliability. These techniques ...","Data stream mining, In-process metrics, defect severity, Test coverage, McCabe, STREW-H, Software Quality, In-process Measurements, Testing Metrics, software complexity. I. INTRODUCTION","","","14","55","","Survey/Questionário","Métricas de Software; Qualidade de Software; Produtividade","LOC/SLOC; Defect Density","Correlação de Pearson","","CMMI; Boehm Model","Indústria; Acadêmico","EN","../data/raw/artigos/A Study on Software Metrics and its Impact on Software Quality.pdf"
"7","A Survey of Controlled Experiments in Software Engineering..pdf","A Survey of Controlled Experiments","","2002","The classical method for identifying cause-effect relationships is to conduct controlled experiments. This paper reports upon the present state of how controlled experiments in software engineering are conducted and the extent to which relevant information is reported. Among the 5,453 scientific articles published in 12 leading software engineering journals and conferences in the decade from 1993 to 2002, 103 articles (1.9 percent) reported controlled experiments in which individuals or teams performed one or more software engineering tasks. This survey quantitatively characterizes the topi...","Controlled experiments, survey, research methodology, empirical software engineering. ","","IEEE Transactions on Software Engineering","21","52","100","Experimento Controlado; Survey/Questionário; Estudo Empírico; Machine Learning; Replicação","Métricas de Software; Manutenção de Software; Engenharia de Software Empírica; Experimentação","","Correlação de Pearson","","SWEBOK","Indústria; Acadêmico","EN","../data/raw/artigos/A Survey of Controlled Experiments in Software Engineering..pdf"
"8","A Systematic Review of Productivity Factors in Software Development.pdf","arXiv:1801.06475v1  [cs.SE]  19 Jan 2018","","2018","Analysing and improving productivity has been one of the main goals of software engineering research since its beginnings. A plethora of studies has been conducted on various factors that resulted in several models for analysis and prediction of productivity. However, productivity is still an issue in current software development and not all factors and their relationships are known. This paper reviews the large body of available literature in order to distill a list of the main factors inﬂuencing productivity investigated so far. The measure for importance here is the number of articles a ...","","","","6","31","","Revisão Sistemática","Produtividade","LOC/SLOC; Function Points","","Snowball/Scopus/IEEE Xplore; Google Scholar","Boehm Model","Indústria","EN","../data/raw/artigos/A Systematic Review of Productivity Factors in Software Development.pdf"
"9","A Tale of Two Cities Software Developers Working fromHome during the COVID-19 Pandemic.pdf","A Tale of Two Cities: Software Developers Working from","","2021","","and Phrases: COVID-19, work from home","10.1145/3487567","IST","37","71","500","Survey/Questionário; Estudo Empírico","DevOps/CI-CD","Velocity","Mann-Whitney; Wilcoxon; Regressão Logística; Effect Size; Fisher's Exact; Descritiva; K-fold/Cross-validation","GitHub; GitLab","","Open Source; Indústria; Acadêmico","EN","../data/raw/artigos/A Tale of Two Cities Software Developers Working fromHome during the COVID-19 Pandemic.pdf"
"10","A Taxonomy of Data Quality Challenges in Empirical Software Engineering.pdf","Full citation: Bosu, M.F., & MacDonell, S.G. (2013) A taxonomy of data quality challenges in","ae","2013","Reliable empirical models such as those used in software effort estimation or defect prediction are inherently dependent on the data from which they are built. As demands for process and product improvement continue to grow, the quality of the data used in measurement and prediction systems warrants increasingly close scrutiny. In this paper we propose a taxonomy of data quality challenges in empirical software engineering, based on an extensive review of prior research. We consider current assessment techniques for each quality issue and proposed mechanisms to address these issues, where a...","data quality; provenance; commercial sensitivity; accessibility; trustworthiness; empirical software engineering","10.1109/ASWEC.2013.21","the 22nd Australasian Software Engineering","12","68","","","Engenharia de Software Empírica; Gerenciamento de Projetos; Processo de Software; Predição de Defeitos","","Regressão Linear; Regressão Logística; Bayesiana; Random Forest; K-fold/Cross-validation; ROC/AUC","Java; COSMIC; IFPUG","Boehm Model","Indústria; Acadêmico; Financeiro","EN","../data/raw/artigos/A Taxonomy of Data Quality Challenges in Empirical Software Engineering.pdf"
"11","A Tool-Based Perspective on Software Code Maintainability Metrics A Systematic Literature Review.pdf","A Tool‐Based Perspective on Software Code Maintainability Metrics: A Systematic Literature Review","","2020","","listed above, for each of the chosen digital libraries. 2.1","10.1155/2020/8840389","","26","73","","Revisão Sistemática","Métricas de Software; Manutenção de Software; DevOps/CI-CD; Segurança de Software","Code Coverage","Bayesiana; Box Plot; SVM; Precisão/Recall/F1","SonarQube; GitHub; Python; Java; Eclipse; Visual Studio; Understand (SciTools); Snowball/Scopus/IEEE Xplore; Google Scholar","GQM","Open Source; Indústria; Acadêmico","EN","../data/raw/artigos/A Tool-Based Perspective on Software Code Maintainability Metrics A Systematic Literature Review.pdf"
"12","A large-scale empirical study on self-admitted technical debt.pdf","A Large-Scale Empirical Study on Self-Admitted Technical Debt","Gabriele Bavota, Barbara Russo","2016","ing with credit is permitted. To copy otherwise, or republish, to post on servers or to redistribute to lists, requires prior speciﬁc permission and/or a fee. Request permissions from permissions@acm.org. MSR’16, May 14-15, 2016, Austin, TX, USA c⃝2016 ACM. ISBN 978-1-4503-4186-8/16/05...$15.00 DOI: http://dx.doi.org/10.1145/2901739.2901742 1. INTRODUCTION Ward Cunningham coined the technical debt metaphor back in 1993 [14] to explain the unavoidable interests (i.e., maintenance and evolution costs) developers pay while work- ing on not-quite-right code, possibly written in a rush to meet a...","Mining Software Repositories, Technical Debt, Empirical Software Engineering Permission to make digital or hard copies of all or part of this work for personal or classroom use is granted without fee provided that copies are not made or distributed for proﬁt or commercial advantage and that copies b","10.1145/2901739.2901742","MSR","12","41","159","Estudo Empírico; Replicação; Mineração de Repositórios","Qualidade de Software; Manutenção de Software; Engenharia de Software Empírica; Dívida Técnica","Coupling/Acoplamento; Technical Debt","Mann-Whitney; Correlação de Spearman; Descritiva; Box Plot","GitHub; Java; Eclipse","","Open Source; Acadêmico","EN","../data/raw/artigos/A large-scale empirical study on self-admitted technical debt.pdf"
"13","A machine learning approach to vulnerability detection combining software.pdf","A machine learning approach to vulnerability detection combining software metrics and topic modelling: Evidence from smart contracts","Giacomo Ibba","2014","","Vulnerability detection Software metrics Topic modelling Machine learning Source code analysis Smart contracts","10.1016/j.mlwa.2025.100759","","18","112","74","Estudo de Caso; Machine Learning","Métricas de Software; Inteligência Artificial/ML; Segurança de Software","Complexidade Ciclomática; Coupling/Acoplamento; Cohesion/Coesão","Regressão Logística; Bootstrap; Bayesiana; Random Forest; SVM; K-fold/Cross-validation; ROC/AUC; Precisão/Recall/F1","GitHub; Java; scikit-learn","","Acadêmico; Financeiro; Educação","EN","../data/raw/artigos/A machine learning approach to vulnerability detection combining software.pdf"
"14","A preliminary GQM model to evaluate web API usability.pdf","A preliminary GQM model to evaluate web API","","","Web APIs allow easy access to a variety of resources and ser- vices, and it is because of that they have become essential for building modern applications. This generated a new business perspective, “the API economy”, and for that reason, usability now turns into a key char- acteristic for the acceptance of a web API. Although web API usabil- ity is a researched topic, no studies proposing a usability model for web APIs have been found. For that reason, this study presents a preliminary model to help standardize and facilitate web API usability assessment. Our model, based on the GQM approa...","Web API usability · Model · Metrics · GQM","","","13","66","16","Survey/Questionário; GQM","Qualidade de Software","","Precisão/Recall/F1","","GQM","Indústria; Web/Mobile; Microsserviços","EN","../data/raw/artigos/A preliminary GQM model to evaluate web API usability.pdf"
"15","ADmM Anomaly Detection for Microservice Systems withIncomplete Metrics.pdf","ADmM: Anomaly Detection for Microservice Systems with Incomplete Metrics","Zekun Zhang, Jian Wang, Bing Li, Liuxiaoxiao Zhang, Yu Liu, Patrick Hung","2026","","and Phrases: Microservice, anomaly detection, incompleteness, metrics","10.1145/3801729","","35","56","5","Machine Learning","Engenharia de Software (Geral)","MTTR","Bootstrap; Bayesiana; Descritiva; SVM; Precisão/Recall/F1","GitHub; GitLab; Python; scikit-learn; Kubernetes; Prometheus","","Open Source; Acadêmico; Microsserviços; Saúde/Healthcare","EN","../data/raw/artigos/ADmM Anomaly Detection for Microservice Systems withIncomplete Metrics.pdf"
"16","ARTIGO_Definição de um processo de medição de software baseado em Seis Sigma e CMMI.pdf","Microsoft Word - FinalPrint07.doc","eric.ferreira","2002","Statistical tools are usually used in the continuous process improvement. Particularly in the software process, the way the data are stored sometimes makes these analyses tricky. In this context, CMMI (Capability Maturity Model Integration) is used for defining software processes, the Six Sigma methodology is used for defining measurement processes and the Practical Software and Systems Measurement Insight (PSM Insight) tool is used for data organization. This work presents a proposal of measurement process based on CMMI, Six Sigma and PSM. The considered process reveals an existing corresp...","Six Sigma; Statistics; Software Process","","","11","0","","","Manutenção de Software; Processo de Software","","Precisão/Recall/F1","","CMMI; Six Sigma","Indústria","PT","../data/raw/artigos/ARTIGO_Definição de um processo de medição de software baseado em Seis Sigma e CMMI.pdf"
"17","A_Framework_for_Automating_the_Measurement_of_DevOps_Research_and_Assessment_DORA_Metrics.pdf","A Framework for Automating the Measurement of DevOps Research and Assessment (DORA) Metrics","","","The DevOps Research and Assessment (DORA) metrics have been widely accepted by the software industry as a powerful method to quantify DevOps performance, leading to signiﬁcant interest in their measurement. Existing proprietary solutions are highly customised, and require speciﬁc types of cloud infrastructure, limiting their suitability for projects such as libraries, frameworks, and open source projects. To address this gap, we present a framework which operationalizes the DORA metrics independently of a project’s software development life-cycle or type of deployment. We demonstrate the ge...","","","","11","30","304","Survey/Questionário; Proposta de Framework","Métodos Ágeis; DevOps/CI-CD","Lead Time; DORA Metrics; MTTR","Bayesiana","GitHub; GitLab; Jenkins; Python; Java; Docker; Snowball/Scopus/IEEE Xplore","DORA","Open Source; Indústria; Acadêmico","EN","../data/raw/artigos/A_Framework_for_Automating_the_Measurement_of_DevOps_Research_and_Assessment_DORA_Metrics.pdf"
"18","A_study_of_component_based_software_system_metrics.pdf","A study of component based software system metrics","","2016","The term metrics is basically a quantitative measure of extent to which given attributes influenced by a system, component or a process. Metrics are required to measure software quality, improve software quality and to predict software quality. There are various approaches available to develop a software metrics like object oriented approach, component based approach, distributed approach. Component based software engineering is a latest approach in developing software. The main function of component based metrics is to provide reusability and decrease cost and development time. These metri...","","","","5","18","","Survey/Questionário","Métricas de Software; Qualidade de Software; Manutenção de Software; Produtividade","Coupling/Acoplamento; Cohesion/Coesão","","Snowball/Scopus/IEEE Xplore","","Acadêmico","EN","../data/raw/artigos/A_study_of_component_based_software_system_metrics.pdf"
"19","Adjustment_Level_Metrics_for_Requirements_in_Project_Management.pdf","Adjustment Level Metrics for Requirements in Project Management","","2021","The correct and complete definition of the requirements that are part of the scope of a project is crucial for its successful management. They are usually expressed through a set of raw data and originate from different documents. This article presents a proposal of metrics to determine the degree of completeness of the requirements. Such metrics are based on the combination of simple mathematical models with natural language processing techniques to analyze the degree of completeness and estimation of activities, and the degree of estimation of costs and human resources. This paper describ...","","10.1109/ISCMI53840.2021.9654823","","10","0","2","Estudo de Caso; Proposta de Framework","Métodos Ágeis; Gerenciamento de Projetos","","","Python; Snowball/Scopus/IEEE Xplore","","Indústria; Acadêmico","EN","../data/raw/artigos/Adjustment_Level_Metrics_for_Requirements_in_Project_Management.pdf"
"20","An Empirical Validation of Cognitive Complexity as a Measure.pdf","An Empirical Validation of Cognitive Complexity as a Measure of Source Code Understandability","Marvin Muñoz Barón, Marvin Wyrich, and Stefan Wagner","2020","Background: Developers spend a lot of their time on understand- ing source code. Static code analysis tools can draw attention to code that is difficult for developers to understand. However, most of the findings are based on non-validated metrics, which can lead to confusion and code, that is hard to understand, not being identified. Aims: In this work, we validate a metric called Cognitive Complexity which was explicitly designed to measure code understandability and which is already widely used due to its integration in well- known static code analysis tools. Method: We conducted a syste...","cognitive complexity, source code understandability, source code comprehension, software metrics, meta-analysis","10.1145/3382494.3410636","IEEE International Symposium on Empirical Software Engineering and Measurement","12","44","41","Meta-análise","Métricas de Software; Engenharia de Software Empírica","LOC/SLOC; Complexidade Ciclomática; Complexidade Cognitiva","Correlação de Pearson; Effect Size; Precisão/Recall/F1","SonarQube; Python; Java; Snowball/Scopus/IEEE Xplore; Google Scholar","Boehm Model","Acadêmico","EN","../data/raw/artigos/An Empirical Validation of Cognitive Complexity as a Measure.pdf"
"21","An External Replication on the Effects of Test-driven Development Using a Multi-site Blind Analysis Approach.pdf","An External Replication on the Effects of Test-driven","","","Context: Test-driven development (TDD) is an agile prac- tice claimed to improve the quality of a software product, as well as the productivity of its developers. A previous study (i.e., baseline experiment) at the University of Oulu (Finland) compared TDD to a test-last development (TLD) approach through a randomized controlled trial. The results failed to support the claims. Goal: We want to validate the original study results by replicating it at the Univer- sity of Basilicata (Italy), using a diﬀerent design. Method: We replicated the baseline experiment, using a crossover de- sign, with 2","test-driven development, external experiment replication, blind analysis","10.1145/2961111.2962592","","10","45","36","Revisão Sistemática; Experimento Controlado; Survey/Questionário; Meta-análise; Replicação","Qualidade de Software; Teste de Software; Experimentação; Métodos Ágeis; Produtividade","","Mann-Whitney; Kruskal-Wallis; Correlação de Pearson; Descritiva; Box Plot; Precisão/Recall/F1","Java; Eclipse; JUnit","","Indústria; Acadêmico","EN","../data/raw/artigos/An External Replication on the Effects of Test-driven Development Using a Multi-site Blind Analysis Approach.pdf"
"22","An_Empirical_Investigation_of_Factors_Causing_Scop.pdf","An Empirical Investigation of Factors Causing Scope Creep in Agile Global Software Development Context: A Conceptual Model for Project Managers","","2021","This article has been accepted for publication in a future issue of this journal, but has not been fully edited. Content may change prior to final publication. Citation information: DOI","2) SEARCH REPOSITORIES We selected various databases to identify the potentials studies published in peer-reviewed journals, conference proceedings, and so on. These databases were chosen on preceding research experience, personal knowledge, preferences, and recommendations provided by Arif et al. [","10.1109/ACCESS.2021.3100779","","34","96","305","Revisão Sistemática; Estudo de Caso; Estudo Empírico","Métodos Ágeis; Gerenciamento de Projetos","","Correlação de Spearman","COSMIC; Snowball/Scopus/IEEE Xplore; Google Scholar","CMMI; Six Sigma; Boehm Model","Indústria; Acadêmico","EN","../data/raw/artigos/An_Empirical_Investigation_of_Factors_Causing_Scop.pdf"
"23","Analise da Eficiência do Uso de Recursos de Máquina (TCC_GABRIEL_AUGUSTO_SOUZA_BORGES).pdf","An´alise da Eficiˆencia do Uso de Recursos de M´aquina na","","","A observabilidade ´e uma pr´atica essencial para monitorar sistemas modernos, mas sua implementac¸˜ao pode gerar custos elevados em recursos de hardware, como processamento, mem´oria e armazenamento. O problema central abordado ´e a ineficiˆencia no uso desses recursos, que ocorre devido `a ausˆencia de diretrizes para equilibrar a qualidade do monitoramento e o custo computacional. Para investigar soluc¸˜oes, este trabalho seguiu uma metodologia experimental que comparou a eficiˆencia de diferentes pr´aticas de observabili- dade em um ambiente controlado com hardware limitado. Uma API foi ...","","","","17","0","","","Engenharia de Software (Geral)","","Box Plot","GitHub; Docker; Prometheus; Grafana","GQM","","PT","../data/raw/artigos/Analise da Eficiência do Uso de Recursos de Máquina (TCC_GABRIEL_AUGUSTO_SOUZA_BORGES).pdf"
"24","Application of Statistical Methods in Software Engineering Theory and Practice.pdf","Application of Statistical Methods in Software Engineering: Theory and Practice","Tassio Sirqueira, Marcos Miguel, Humberto Dalpra, Marco Antônio Araújo, José Maria David","","The experimental evaluation of the methods and concepts covered in software engineering has been increasingly valued. This value indicates the constant search for new forms of assessment and validation of the results obtained in Software Engineering research. Results are validated in studies through evaluations, which in turn become increasingly stringent. As an alternative to aid in the veriﬁcation of the results, that is, whether they are positive or negative, we suggest the use of statistical methods. This article presents some of the main statistical techniques available, as well as the...","Statistical Methods; Experimental Studies; Software Engineering; Experimental Evaluation","","","23","41","","Análise Estatística","Experimentação","","Teste t; Mann-Whitney; ANOVA; Kruskal-Wallis; Correlação de Pearson; Shapiro-Wilk; Kolmogorov-Smirnov; Descritiva; Box Plot; Teste de Normalidade; Precisão/Recall/F1","","CMMI","Indústria; Acadêmico","EN","../data/raw/artigos/Application of Statistical Methods in Software Engineering Theory and Practice.pdf"
"25","Do Internal Software Metrics Have Relationship with Fault-proneness and Change-proneness.pdf","arXiv:2310.03673v2 [cs.SE] 7 Jun 2024","","2024","Fault-proneness is a measure that indicates the possibility of pro- gramming errors occurring within a software system. On the other hand, change-proneness refers to the potential for modiﬁcations to be made to the software. Both of these measures are crucial indicators of software maintainability, as they inﬂuence internal software metrics such as size, inheritance, and coupling, particu- larly when numerous changes are made to the system. In the liter- ature, research has predicted change- and fault-proneness using internal software metrics that is almost a decade old. However, given the ...","change-proneness, fault-proneness, internal software metrics","","","7","18","","Estudo Empírico","Métricas de Software; Qualidade de Software; Manutenção de Software; Predição de Defeitos","LOC/SLOC; Coupling/Acoplamento; Cohesion/Coesão","Correlação de Spearman","GitHub; JIRA; Java; Eclipse","ISO/IEC 9126","Open Source; Indústria; Acadêmico","EN","../data/raw/artigos/Do Internal Software Metrics Have Relationship with Fault-proneness and Change-proneness.pdf"
"26","Evaluation metrics and statistical tests for machine learning.pdf","Evaluation metrics and statistical tests for machine learning","Oona Rainio","2024","","Evaluation metrics, Machine learning, Medical images, Statistical testing Due to our developed technology and access to huge amounts of digitized data, the number of different appli- cations using machine learning (ML) has increased dramatically during the past few ­decades","10.1038/s41598-024-56706-x","","14","123","","Machine Learning","Inteligência Artificial/ML","Complexidade Ciclomática","Teste t; Mann-Whitney; Wilcoxon; Correlação de Pearson; Correlação de Spearman; K-fold/Cross-validation; ROC/AUC; Precisão/Recall/F1","GitHub; Python","","Indústria; Acadêmico; Saúde/Healthcare; Financeiro; Educação","EN","../data/raw/artigos/Evaluation metrics and statistical tests for machine learning.pdf"
"27","Evaluation of Software Product Quality Metrics.pdf","Evaluation of Software Product Quality Metrics","","2009","Computing devices and associated software govern everyday life, and form the backbone of safety critical systems in banking, health- care, automotive and other ﬁelds. Increasing system complexity, quickly evolving technologies and paradigm shifts have kept software quality re- search at the forefront. Standards such as ISO’s 25010 express it in terms of sub-characteristics such as maintainability, reliability and security. A signiﬁcant body of literature attempts to link these subcharacteristics with software metric values, with the end goal of creating a metric- based model of software pro...","software metric, software quality, descriptive statistics, cross- sectional study, longitudinal study","","","24","1993","","","Métricas de Software; Qualidade de Software; Manutenção de Software; Gerenciamento de Projetos; Segurança de Software","LOC/SLOC; Coupling/Acoplamento; Halstead","Correlação de Spearman; Descritiva; Precisão/Recall/F1","Java; Eclipse","ISO/IEC 25010 (SQuaRE); ISO/IEC 9126; McCall Model; Boehm Model","Open Source; Acadêmico; Saúde/Healthcare; Financeiro","EN","../data/raw/artigos/Evaluation of Software Product Quality Metrics.pdf"
"28","Evidence_is_All_We_Need_Do_Self-Admitted_Technical_Debts_Impact_Method-Level_Maintenance.pdf","Evidence is All We Need: Do Self-Admitted Technical Debts Impact Method-Level Maintenance?","","","Self-Admitted Technical Debt (SATD) refers to the phenomenon where developers explicitly acknowledge technical debt through comments in the source code. While considerable research has focused on detecting and addressing SATD, its true impact on software maintenance remains underexplored. The few studies that have examined this critical aspect have not provided concrete evidence linking SATD to negative effects on software maintenance. These studies, however, focused only on file- or class-level code granularity. This paper aims to empirically investigate the influence of SATD on various fa...","","","","13","89","49","Mineração de Repositórios","Métricas de Software; Qualidade de Software; Manutenção de Software; Revisão de Código; Dívida Técnica","Code Coverage; Technical Debt","Wilcoxon; Correlação de Pearson; Effect Size; Shapiro-Wilk; Kolmogorov-Smirnov; Teste de Normalidade; Precisão/Recall/F1","SonarQube; GitHub; Java; Visual Studio; ChatGPT/GPT; Snowball/Scopus/IEEE Xplore; Google Scholar","","Open Source; Acadêmico","EN","../data/raw/artigos/Evidence_is_All_We_Need_Do_Self-Admitted_Technical_Debts_Impact_Method-Level_Maintenance.pdf"
"29","Experimentation in Software Engineering.pdf","Experimentation in Software Engineering","","","Experimentation in software engineering supports the ad- vancement of the field through an iterative learning process. In this paper we present a framework for analyzing most of the experimental work performed in software engineering over the past several years. We describe a variety of experiments in the framework and discuss their contribution to the software engineering discipline. Some useful recommendations for the application of the experimental process in software engineering are included.","","","","11","116","74","Experimento Controlado; Estudo Empírico; Proposta de Framework; Replicação","Métricas de Software; Experimentação","Coupling/Acoplamento","Teste t; Bayesiana; Precisão/Recall/F1","Understand (SciTools)","McCall Model; Boehm Model","Acadêmico; Educação","EN","../data/raw/artigos/Experimentation in Software Engineering.pdf"
"30","FORMATO PARA ESPECIFICAÇÃO DE REQUISITOS CONJECTURAIS NO CONTEXTO DA EXPERIMENTAÇÃO CONTÍNUA EM ENGENHARIA DE SOFTWARE.pdf","FORMATO PARA ESPECIFICAÇÃO DE REQUISITOS CONJECTURAIS NO","Nome Completo do Autor","2023","","","","IST","112","200","16","Proposta de Framework","Experimentação","","Correlação de Pearson","","GQM","Educação","PT","../data/raw/artigos/FORMATO PARA ESPECIFICAÇÃO DE REQUISITOS CONJECTURAIS NO CONTEXTO DA EXPERIMENTAÇÃO CONTÍNUA EM ENGENHARIA DE SOFTWARE.pdf"
"31","How to Accelerate R&D and Optimize Experiment Planning with Machine Learning and Data Science.pdf","05_Roche_01_43122.indd","","2023","Accelerating R&D is essential to address some of the challenges humanity is currently facing, such as achieving global sustainability goals. Today’s Edisonian approach of trial-and-error still prevalent in R&D labs takes up to two decades of fundamental and applied research for new materials to reach the market. Turning around this situation calls for strategies to upgrade R&D and expedite innovation. By conducting smart experi- ment planning that is data-driven and guided by AI/ML, researchers can more efficiently search through the com- plex – often constrained – space of possible experim...","","10.2533/chimia.2023.7","","10","0","","Proposta de Framework; Machine Learning","Experimentação; Inteligência Artificial/ML","","Bayesiana; SVM","Python","","Acadêmico; Financeiro; Educação","EN","../data/raw/artigos/How to Accelerate R&D and Optimize Experiment Planning with Machine Learning and Data Science.pdf"
"32","Impact_of_CMMI_based_software_process_maturity_on_.pdf","Microsoft Word - 725final","faten","2008","The software capability maturity model has become a popular model for enhancing software development processes with the goal of developing high-quality software within budget and schedule. The software cost estimation model, constructive cost model, in its last update (constructive cost model II) has a set of seventeen cost drivers and a set of five scale factors. Process maturity is one of the five scale factors and its ratings are based on software capability maturity model. This paper examines the effect of process maturity on software development effort by deriving a new set of construc...","Effort estimation, scale factor, cost driver, COCOMO, SW-CMM, CMMI","","","10","34","161","","Gerenciamento de Projetos; Processo de Software","Cohesion/Coesão","Bayesiana","","CMMI; GQM; Boehm Model","Indústria; Acadêmico","EN","../data/raw/artigos/Impact_of_CMMI_based_software_process_maturity_on_.pdf"
"33","Impact_of_Evaluating_Software_Complexity_Measures.pdf","Impact of &#x201C;Evaluating Software Complexity Measures&#x201D;","","2025","We investigate the impact that the paper “Evaluat- ing Software Complexity Measures” has had over the thirty-six year period since it was ﬁrst published in 1988. We look both at how the frequency of citation increased, and the ways that the research has been used. We describe how citations evolved from the initial obvious intent of assessing newly proposed complexity measures to assessing qualities other than complexity, to using them to assess complexity in entities other than software code, or restricted types of programming paradigms, to the adoption of our approach or properties in ﬁeld...","Software engineering, software metrics, software measurement. I. BACKGROUND I N December","10.1109/TSE.2025.3533467","TSE","5","14","","","Métricas de Software; Teste de Software","","SVM; Precisão/Recall/F1","Snowball/Scopus/IEEE Xplore; Google Scholar","","Acadêmico","EN","../data/raw/artigos/Impact_of_Evaluating_Software_Complexity_Measures.pdf"
"34","Kitchenham, B. Guidelines for performing Systematic Literature Reviews in software engineering. EBSE Technical Report EBSE-2007-01.pdf","Undertaking systematic reviews","A satisfied Microsoft Office User","2007","","","","","65","29","10","Revisão Sistemática; Mapeamento Sistemático","Engenharia de Software (Geral)","","Effect Size; K-fold/Cross-validation; Precisão/Recall/F1","","Boehm Model","Indústria; Acadêmico","EN","../data/raw/artigos/Kitchenham, B. Guidelines for performing Systematic Literature Reviews in software engineering. EBSE Technical Report EBSE-2007-01.pdf"
"35","LLM4DS Evaluating Large Language Models for Data Science Code Generation.pdf","LLM4DS: Evaluating Large Language Models for","","","The adoption of Large Language Models (LLMs) for code generation in data science offers substantial potential for en- hancing tasks such as data manipulation, statistical analysis, and visualization. However, the effectiveness of these models in the data science domain remains underexplored. This paper presents a controlled experiment that empirically assesses the performance of four leading LLM-based AI assistants—Microsoft Copilot (GPT-4 Turbo), ChatGPT (o1-preview), Claude (3.5 Sonnet), and Perplexity Labs (Llama-3.1-70b-instruct)—on a diverse set of data science coding challenges source...","","","ASE","11","21","100","Experimento Controlado; Estudo Empírico; Proposta de Framework; Análise Estatística; GQM","Experimentação; Inteligência Artificial/ML; Produtividade","","Wilcoxon; Chi-quadrado; Kruskal-Wallis; Regressão Linear; Descritiva; Box Plot","GitHub; Python; ChatGPT/GPT; GitHub Copilot","GQM","Open Source; Acadêmico","EN","../data/raw/artigos/LLM4DS Evaluating Large Language Models for Data Science Code Generation.pdf"
"36","Measuring_the_Impact_of_Scope_Changes_on_Project_Plan_Using_EVM.pdf","Received August 6, 2020, accepted August 13, 2020, date of publication August 20, 2020, date of current version September 2, 2020.","","2020","Earned Value Management (EVM) measures project performance against a baseline plan. It identiﬁes deviations in budget and schedule, aids project managers in taking earlier corrective actions against cost and schedule overruns. Although the literature highlights the signiﬁcance of scope by adopting it as a leading indicator to measure project success or failure. However, EVM does not include scope when evaluating the performance of any software project. While considering the importance of scope and its ever-changing nature, it is imperative to measure the effect of changes in scope on the pr...","","10.1109/ACCESS.2020.3018169","","25","94","","","Gerenciamento de Projetos","","Correlação de Pearson; Regressão Linear; Regressão Logística; Descritiva","SPSS; COSMIC; Snowball/Scopus/IEEE Xplore","","Acadêmico","EN","../data/raw/artigos/Measuring_the_Impact_of_Scope_Changes_on_Project_Plan_Using_EVM.pdf"
"37","Medição e Análise no CMMI com Metodologia Seis Sigma eISOIECIEEE1593.pdf","Sigmae, Alfenas, v.11, n.2, p. 21-35, 2022.","DEX","2022","Based on the premise that the quality of a software product is mostly the result of the quality of the process in which it is developed, models for the improvement of the process of software have been developed. The measurement and analysis for models assume great importance, because the evaluation of the relationship between the capacity (estimated results) and the performance (observed results) of a process is important so that it can be improved. CMMI is one of the more used models, having a great experience with success in the industry. CMMI do not indicate the measurement system to wor...","CMMI; Statistics; Six Sigma; ISO/IEC/","","","15","0","","Estudo de Caso","Processo de Software","","","","ISO/IEC 15939; CMMI; Six Sigma","Indústria; Acadêmico","PT","../data/raw/artigos/Medição e Análise no CMMI com Metodologia Seis Sigma eISOIECIEEE1593.pdf"
"38","Metrics for Evaluating and Improving Transparency in Software Engineering An Empirical Study and Improvement Model.pdf","Metrics for Evaluating and Improving Transparency in Software Engineering: An Empirical Study and Improvement Model","Paulinus Ofem","2024","Transparency remains an emerging non-functional requirement that stakeholders in the software engineering process (SEP) must consider. Existing studies provide evidence of the usefulness of transparency and offer hindsight on how transparency may be evaluated in different contexts. Considering communication, software maintainability, and stakeholders’ productivity, SEP has not thoroughly explored the benefits of transparency. Currently, there is no appropriate measurement of transpar- ency in SEP, and the consequence of this is that theoretically and empirically, the factors that characteri...","","10.1007/s42979-024-03471-3","","35","145","226","Revisão Sistemática; Experimento Controlado; Estudo Empírico; Proposta de Framework; GQM","Manutenção de Software; Experimentação; Processo de Software; Produtividade","","Teste t; Correlação de Pearson; Regressão Linear; Effect Size; Descritiva; Precisão/Recall/F1","SPSS; Understand (SciTools)","GQM","Acadêmico","EN","../data/raw/artigos/Metrics for Evaluating and Improving Transparency in Software Engineering An Empirical Study and Improvement Model.pdf"
"39","Metrics in Large-Scale Agile Software Development A Multivocal Literature Review.pdf","Metrics in Large-Scale Agile Software Development: A","","2021","Software development is widespread across various sectors. As large- scale projects increasingly adopt agile development practices, there arises a need for metrics to enhance team coordination, promote continuous improve- ment and monitor progress. This discussion focuses on the current state of metrics for large-scale agile software development, outlining the reasons for their adoption and showcasing the achieved results. The analysis involves a comprehensive literature review, exploring grey literature. A catalog of metrics applicable to scalable agile projects is presented, featuring exa...","","","","15","0","","Revisão Multivocal","Métricas de Software; Métodos Ágeis; Produtividade","LOC/SLOC; Function Points; Story Points; Velocity; Lead Time","Precisão/Recall/F1","Snowball/Scopus/IEEE Xplore","GQM","Indústria; Acadêmico","EN","../data/raw/artigos/Metrics in Large-Scale Agile Software Development A Multivocal Literature Review.pdf"
"40","On Wasted Contributions Understanding the Dynamics of Contributor-Abandoned Pull Requests–A Mixed-Methods Study of 10 Large Open-Source Projects.pdf","On Wasted Contributions: Understanding the Dynamics","","2023","","and Phrases: Socio-technical factors, pull-based development, modern code review, social coding platforms, open-source software, mixed-methods research","10.1145/3530785","","39","82","7","Survey/Questionário; Estudo Empírico; Machine Learning","Inteligência Artificial/ML; Revisão de Código","","Correlação de Spearman; Effect Size; Box Plot; Random Forest; K-fold/Cross-validation; ROC/AUC; Precisão/Recall/F1","GitHub; Python; R (Estatístico); Java; scikit-learn; Kubernetes","","Open Source; Acadêmico; Educação","EN","../data/raw/artigos/On Wasted Contributions Understanding the Dynamics of Contributor-Abandoned Pull Requests–A Mixed-Methods Study of 10 Large Open-Source Projects.pdf"
"41","On the Relationship Between Story Points and DevelopmentEffort in Agile Open-Source Software.pdf","On the Relationship Between Story Points and Development Effort in Agile Open-Source Software","Vali Tawosi, Rebecca Moussa, Federica Sarro","","","Software effort estimation; Story Point; Agile software","10.1145/3544902.3546238","","12","58","44","Estudo de Caso; Estudo Empírico","Engenharia de Software Empírica; Métodos Ágeis; Gerenciamento de Projetos","Function Points; Story Points","Mann-Whitney; Wilcoxon; Correlação de Pearson; Correlação de Spearman; Effect Size; Shapiro-Wilk; Descritiva; Box Plot; Random Forest; Precisão/Recall/F1","GitHub; JIRA; R (Estatístico); COSMIC","","Open Source; Acadêmico","EN","../data/raw/artigos/On the Relationship Between Story Points and DevelopmentEffort in Agile Open-Source Software.pdf"
"42","Process metrics for software defectprediction in object-oriented programs.pdf","Process metrics for software defect prediction in object‐oriented programs","","2018","Software evolution is an important activity in the life cycle of a modern software system. In the process of software evolution, the repair of historical defects and the increasing demands may introduce new defects. Therefore, evolution-oriented defect prediction has attracted much attention of researchers in recent years. At present, some researchers have proposed the process metrics to describe the characteristics of software evolution. However, compared with the traditional software defect prediction methods, the research on evolution-oriented defect prediction is still inadequate. Based...","","10.1049/iet-sen.2018.5439","","10","57","","Estudo Empírico","Métricas de Software; Segurança de Software; Predição de Defeitos","Code Churn; Halstead; Defect Density","Wilcoxon; Correlação de Pearson; Regressão Linear; Regressão Logística; Effect Size; Bayesiana; ROC/AUC; Precisão/Recall/F1","Java; Weka; Eclipse","","Open Source; Acadêmico; Educação","EN","../data/raw/artigos/Process metrics for software defectprediction in object-oriented programs.pdf"
"43","Quality_metrics_in_Agile_Software_Development_Proj.pdf","Quality Metrics in Agile Software Development Projects","Kristīne Kārkliņa, Rūta Pirta","2018","– Nowadays, IT projects are becoming more complex and larger in scale. Stakeholders often experience difficulties assessing project quality attributes, such as progress, budget. Specifically adapted project metrics based on their descriptive features are beneficial tools for acquiring important information. The paper discusses metrics as an important project quality assessment method. It proposes using GQM method for selecting the most appropriate Agile project quality metrics. For metrics monitoring it explores popular cloud-based project management systems. An illustration of the approach...","","10.7250/itms-2018-0008","","6","20","","Estudo de Caso; GQM","Métricas de Software; Métodos Ágeis; Gerenciamento de Projetos","Velocity","Precisão/Recall/F1","JIRA","GQM","Indústria; Acadêmico; Financeiro","EN","../data/raw/artigos/Quality_metrics_in_Agile_Software_Development_Proj.pdf"
"44","Quality_of_AI-Generated_vs._Human-Generated_Code.pdf","Quality of AI-Generated vs. Human-Generated Code","","","This study examines the quality differences between AI-generated and human-generated code through an evaluation of multiple software quality metrics, including maintainability, complexity, and documentation. Using a dataset of 5,312 code samples—2,700 human-generated and 2,612 AI-generated—we applied machine learning techniques to classify and analyze the code based on these metrics. The results revealed that AI-generated code tends to excel in maintainability and doc- umentation, demonstrating higher maintainability index scores and a higher ratio of comments. Additionally, AI-generated co...","","","","6","16","5","Survey/Questionário; Machine Learning","Métricas de Software; Qualidade de Software; Manutenção de Software; Inteligência Artificial/ML","Complexidade Ciclomática","Random Forest; SVM; Precisão/Recall/F1","GitHub; Python; Java; ChatGPT/GPT; Snowball/Scopus/IEEE Xplore","Boehm Model","Indústria; Acadêmico; Educação","EN","../data/raw/artigos/Quality_of_AI-Generated_vs._Human-Generated_Code.pdf"
"45","Recommendations for analysing and meta-analysing small sample size software engineering experiments.pdf","https://doi.org/10.1007/s10664-024-10504-1","","2024","","Meta-analysis · Effect size · Non-parametric · Probability of superiority · Small sample sizes · Reproducible research Communicated by: Carlo A. Furia B Lech Madeyski lech.madeyski@pwr.edu.pl","10.1007/s10664-024-10504-1","Empirical Software Engineering","46","114","9","Experimento Controlado; Meta-análise; Análise Estatística","Engenharia de Software Empírica; Experimentação","","Mann-Whitney; Chi-quadrado; Effect Size; Shapiro-Wilk; Box Plot; Teste de Normalidade","R (Estatístico)","","Acadêmico","EN","../data/raw/artigos/Recommendations for analysing and meta-analysing small sample size software engineering experiments.pdf"
"46","Robust Statistical Methods for Empirical Software Engineering.pdf","Empir Software Eng (2017) 22:579–630","","2017","","Empirical software engineering · Statistical methods · Robust methods · Robust statistical methods","10.1007/s10664-016-9437-5","","53","200","38","Revisão Sistemática; Análise Estatística","Métricas de Software; Engenharia de Software Empírica","","Teste t; Mann-Whitney; Wilcoxon; ANOVA; Kruskal-Wallis; Effect Size; Shapiro-Wilk; Kolmogorov-Smirnov; Bootstrap; Box Plot; Teste de Normalidade; ROC/AUC; Precisão/Recall/F1","R (Estatístico)","Boehm Model","Acadêmico","EN","../data/raw/artigos/Robust Statistical Methods for Empirical Software Engineering.pdf"
"47","SOFTWARE CODE QUALITY MEASUREMENT IMPLICATIONS FROM METRIC DISRIBUTIONS.pdf","SOFTWARE CODE QUALITY MEASUREMENT: IMPLICATIONS FROM","","2024","Software code quality is a construct with three dimensions: maintainability, reliability, and func- tionality. Although many firms have incorporated code quality metrics in their operations, evalu- ating these metrics still lacks consistent standards. We categorized distinct metrics into two types: 1) monotonic metrics that consistently influence code quality; and 2) non-monotonic metrics that lack a consistent relationship with code quality. To consistently evaluate them, we proposed a distribution-based method to get metric scores. Our empirical analysis includes 36,460 high-quality open-...","open source software, code quality, construct measurement, non-monotonic metric","","IST","12","34","","Machine Learning","Manutenção de Software; Inteligência Artificial/ML; Revisão de Código","","ROC/AUC","SonarQube; GitHub; Python; Java","ISO/IEC 25010 (SQuaRE); ISO 9001","Open Source; Acadêmico; Educação","EN","../data/raw/artigos/SOFTWARE CODE QUALITY MEASUREMENT IMPLICATIONS FROM METRIC DISRIBUTIONS.pdf"
"48","Software Development and Maintenance Effort Estimation Using Function Points and Simpler Functional Measures.pdf","Software Development and Maintenance Effort Estimation Using Function Points and Simpler Functional Measures","Luigi Lavazza, Angela Locoro and Roberto Meli","2024","Functional size measures are widely used for estimating software development effort. After the","unadjusted Function Points (UFPs); simple Function Points (SFPs); effort estimation; simple functional size measures","10.3390/software3040022","","31","94","1307","Estudo Empírico","Gerenciamento de Projetos","Function Points","Bayesiana; Descritiva; Box Plot","Jenkins; COSMIC; IFPUG","Boehm Model","Indústria; Acadêmico","EN","../data/raw/artigos/Software Development and Maintenance Effort Estimation Using Function Points and Simpler Functional Measures.pdf"
"49","Software Process Measurement and Related Challenges in Agile Software Development A Multiple Case Study.pdf","Microsoft Word - Software Process Measurement and Related Challenges in Agile Software Developmen - A Multiple Case Study (Latest)","pram","2020","Existing scientific literature highlights the importance of metrics in Agile Software Development (ASD). Still, empirical investigation into metrics in ASD is scarce, particularly in identifying the rationale and the operational chal- lenges associated with metrics. Under the Q-Rapids project (Horizon 2020), we conducted a multiple case study at four Agile companies. We used the Goal Ques- tion Metric (GQM) approach to investigate the rationale explaining the choice of process metrics in ASD, and challenges faced in operationalizing them. Results reflect that companies are interested in ass...","Process Metrics, Agile Software Development, GQM","","","16","75","","Revisão Sistemática; Estudo de Caso; Estudo Empírico; GQM","Métricas de Software; Métodos Ágeis; Processo de Software","Velocity","Precisão/Recall/F1","JIRA","GQM","Indústria; Acadêmico","EN","../data/raw/artigos/Software Process Measurement and Related Challenges in Agile Software Development A Multiple Case Study.pdf"
"50","Software Product Quality Metrics A Systematic Mapping Study.pdf","Software Product Quality Metrics: A Systematic Mapping Study","","2021","The result is presented through graphics, explanations, and the mind mapping method. The outputs include the trend map between the years 2009 and 2019, knowledge about this area and measurement tools, issues determined to be open to development in this area, and conformity between conference papers, articles and internationally valid quality models. This study may serve as a foundation for future studies that aim to contribute to the development in this crucial ﬁeld. Future SM studies might focus on this subject for measuring the quality of network performance and new technologies such as A...",", quality assessment is applied for each paper. The quality assessment is realized based on the three questions to evaluate the completeness, consistency, and relevance of the selected study. The questions below are derived from the previous studies of Kitchenham et al. [34] and other SM studies. Q","10.1109/ACCESS.2021.3054730","","24","60","","Mapeamento Sistemático; Machine Learning","Qualidade de Software; Inteligência Artificial/ML","","Correlação de Pearson; Precisão/Recall/F1","Java; Understand (SciTools); COSMIC; IFPUG; Snowball/Scopus/IEEE Xplore; Google Scholar","ISO/IEC 25010 (SQuaRE); ISO/IEC 9126; CMMI; GQM; ISO 9001; SWEBOK","Indústria; Acadêmico; Educação","EN","../data/raw/artigos/Software Product Quality Metrics A Systematic Mapping Study.pdf"
"51","Software quality models Exploratory review.pdf","This is a title","erika","2023","INTRODUCTION: The emerging industrialization of software promotes the continuous development of new evaluation models that adapt to the product's characteristics and the organizations' needs. OBJECTIVES: This article aims to identify the software quality models proposed between 2016 and 2020. METHODS: We conducted an exploratory systematic review in the SciELO, IEEE Xplore, and Scopus databases, resulting in 14 research papers proposing new models for assessing software quality. RESULTS: 79% of the research papers were extracted from IEEE Xplore, and 50% of them were authored by individuals...","product quality, quality of use, quality standards, software development, systematic review Received on","10.4108/eetsis.3982","","7","37","","Revisão Sistemática","Qualidade de Software; Processo de Software","","","Snowball/Scopus/IEEE Xplore; Google Scholar","ISO/IEC 25010 (SQuaRE); ISO/IEC 9126; CMMI; ISO 9001","Indústria","PT","../data/raw/artigos/Software quality models Exploratory review.pdf"
"52","Software_Cost_and_Effort_Estimation_Current_Approaches_and_Future_Trends.pdf","Received 20 August 2023, accepted 31 August 2023, date of publication 7 September 2023, date of current version 15 September 2023.","","2023","Software cost and effort estimation is one of the most significant tasks in the area of software engineering. Research conducted in this field has been evolving with new techniques that necessitate periodic comparative analyses. Software project success largely depends on accurate software cost estimation as it gives an idea of the challenges and risks involved in the development. The great diversity of ML and Non- ML techniques has generated a comparison and progressed into the integration of these techniques. Based on varying advantages it has become imperative to work out preferred estim...","","10.1109/ACCESS.2023.3312716","IST","21","121","","Revisão Sistemática; Machine Learning","Gerenciamento de Projetos; Inteligência Artificial/ML","Function Points","Wilcoxon; Regressão Linear; SVM","JIRA; Jenkins; R (Estatístico); Snowball/Scopus/IEEE Xplore","CMMI; Boehm Model","Indústria; Acadêmico; Financeiro; Educação","EN","../data/raw/artigos/Software_Cost_and_Effort_Estimation_Current_Approaches_and_Future_Trends.pdf"
"53","Software_Metrics_Classification_for_Agile_Scrum_Process_A_Literature_Review.pdf","Software Metrics Classification for Agile Scrum Process: A Literature Review","","","Software metrics play an important role to measure every attributes and project success in software development context. In the scrum process, there are several events performed on each sprint in order to monitor team performance. Conducting an objective performance measurement in the agile process meet some challenges due to the differences in team preferences and project complexity. This paper discusses the software measurement metrics and their fundamental role in scrum software development life cycle. We review software metrics on scrum context based on 13 selected literatures. Software...","","","","6","29","","Proposta de Framework","Métricas de Software; Métodos Ágeis; Gerenciamento de Projetos; Produtividade","Story Points","Precisão/Recall/F1","Snowball/Scopus/IEEE Xplore","","Indústria; Educação","EN","../data/raw/artigos/Software_Metrics_Classification_for_Agile_Scrum_Process_A_Literature_Review.pdf"
"54","Source Code Metrics for Software Defects Prediction.pdf","Source Code Metrics for Software Defects Prediction","Dominik Arne Rebro, Bruno Rossi, and Stanislav Chren","2023","In current research, there are contrasting results about the ap- plicability of software source code metrics as features for defect prediction models. The goal of the paper is to evaluate the adop- tion of software metrics in models for software defect prediction, identifying the impact of individual source code metrics. With an empirical study on 275 release versions of 39 Java projects mined from GitHub, we compute 12 software metrics and collect software defect information. We train and compare three defect classifica- tion models. The results across all projects indicate that Decision T...","Software Defect Prediction, Software Metrics, Mining Software Repositories, Software Quality Accepted version of Dominik Arne Rebro, Bruno Rossi, and Stanislav Chren","10.1145/3555776.3577809","","6","30","39","Estudo Empírico; Machine Learning; Replicação; Mineração de Repositórios","Métricas de Software; Qualidade de Software; Predição de Defeitos","LOC/SLOC; Complexidade Ciclomática; Complexidade Cognitiva; Code Churn; Coupling/Acoplamento; Cohesion/Coesão; WMC; DIT; NOC; RFC; CK Metrics","Mann-Whitney; ANOVA; Kruskal-Wallis; Regressão Linear; Regressão Logística; Bayesiana; Descritiva; Box Plot; Random Forest; K-fold/Cross-validation; ROC/AUC; Precisão/Recall/F1","GitHub; Python; Java; scikit-learn","","Open Source; Acadêmico; Educação","EN","../data/raw/artigos/Source Code Metrics for Software Defects Prediction.pdf"
"55","THE GOAL QUESTION METRIC APPROACH.pdf","THE GOAL QUESTION METRIC APPROACH","","","","","","","10","0","5","Estudo de Caso; Proposta de Framework; GQM","Qualidade de Software; Processo de Software; Produtividade","LOC/SLOC; Defect Density","Precisão/Recall/F1","","GQM; McCall Model; Boehm Model","Indústria; Acadêmico","EN","../data/raw/artigos/THE GOAL QUESTION METRIC APPROACH.pdf"
"56","Techniques for Calculating Software Product Metrics Threshold Values A Systematic Mapping Study.pdf","Techniques for Calculating Software Product Metrics Threshold Values: A Systematic Mapping Study","Alok Mishra, Raed Shatnawi, Cagatay Catal and Akhan Akbulut","2021","Several aspects of software product quality can be assessed and measured using product metrics. Without software metric threshold values, it is difﬁcult to evaluate different aspects of quality. To this end, the interest in research studies that focus on identifying and deriving threshold values is growing, given the advantage of applying software metric threshold values to evaluate various software projects during their software development life cycle phases. The aim of this paper is to systematically investigate research on software metric threshold calculation techniques. In this study, ...","object-oriented metrics; software metrics; object-oriented measures; thresholds; systematic mapping; software quality","10.3390/app112311377","","25","200","","Mapeamento Sistemático","Métricas de Software; Qualidade de Software","CK Metrics","Regressão Logística; Descritiva; ROC/AUC","Java; Eclipse; Understand (SciTools); Snowball/Scopus/IEEE Xplore","","Indústria; Acadêmico","EN","../data/raw/artigos/Techniques for Calculating Software Product Metrics Threshold Values A Systematic Mapping Study.pdf"
"57","The Experimental Paradigm in Software Engeneering.pdf","The Experimental Paradigm in Software Engeneering","","","","","","","7","0","","","Engenharia de Software (Geral)","","","","","","EN","../data/raw/artigos/The Experimental Paradigm in Software Engeneering.pdf"
"58","The Space of Developer Productivity There's more to it than you think.pdf","eveloper productivity is complex and nuanced,","","2021","","","","","29","150","7","","Revisão de Código; Produtividade","","Precisão/Recall/F1","GitHub; Understand (SciTools)","DORA; SPACE Framework","Indústria; Acadêmico; Saúde/Healthcare","EN","../data/raw/artigos/The Space of Developer Productivity There's more to it than you think.pdf"
"59","The effects of change decomposition on code review --a controlled experiment.pdf","The effects of change decomposition on code review-a controlled experiment","Marco di Biase","2019","Background: Code review is a cognitively demanding and time-consuming process. Previous qualitative studies hinted at how decomposing change sets into multiple yet internally coherent ones would improve the reviewing process. So far, literature provided no quantitative analysis of this hypothesis. Aims: (1) Quantitatively measure the effects of change decomposition on the outcome of code review (in terms of number of found defects, wrongly reported issues, suggested improvements, time, and understanding); (2) Qualitatively analyze how subjects approach the review and navigate the code, buil...","","10.7717/peerj-cs.193","","25","132","28","Experimento Controlado; Replicação","Qualidade de Software; Manutenção de Software; Experimentação; Segurança de Software; Revisão de Código","","Teste t; Effect Size; Descritiva; Box Plot","GitHub; Java; Eclipse","","Open Source; Indústria; Acadêmico","EN","../data/raw/artigos/The effects of change decomposition on code review --a controlled experiment.pdf"
"60","The role of measurement uncertainty in the validation of a measurement procedure.pdf","The role of measurement uncertainty in the validation of a measurement procedure","Fernando C. Raposo","2024","","","10.1007/s00769-024-01593-y","","1","11","","","Engenharia de Software (Geral)","","Precisão/Recall/F1","","","Acadêmico","EN","../data/raw/artigos/The role of measurement uncertainty in the validation of a measurement procedure.pdf"
"61","Top Challenges from the first Practical Online Controlled Experiments Summit.pdf","Proceedings Template - WORD","End User Computing Services","2019","Online controlled experiments (OCEs), also known as A/B tests, have become ubiquitous in evaluating the impact of changes made to software products and services. While the concept of online controlled experiments is simple, there are many practical challenges in running OCEs at scale and encourage further academic and industrial exploration. To understand the top practical challenges in running OCEs at scale, representatives with experience in large-scale experimentation from thirteen different organizations (Airbnb, Amazon, Booking.com, Facebook, Google, LinkedIn, Lyft, Microsoft, Netflix,...","","","","16","77","","Experimento Controlado; Survey/Questionário","Experimentação","","Teste t; Regressão Linear; Regressão Logística; Bayesiana; Random Forest","","","Indústria; Acadêmico; Web/Mobile","EN","../data/raw/artigos/Top Challenges from the first Practical Online Controlled Experiments Summit.pdf"
"62","Towards Improving Experimentation in Software Engineering.pdf","Towards Improving Experimentation in Software Engineering","Edson OliveiraJr, Viviane Furtado, Henrique Vignando, Carlos Luz, André Cordeiro, Igor Steinmacher, Avelino Zorzo","2021","[Background:] Experimentation in Software Engineering plays a central role on sharing and verifying scientific findings. As ex- periments have increased significantly in Software Engineering area, we observe that most of them fail to provide a way to be repeated, replicated or reproduced, thus jeopardizing or delaying the evolution of the Software Engineering area. [Aims:] In this vision paper, we present and discuss techniques and infrastructure to continuously improve experiments towards repeatability, replica- bility, and reproducibility. [Method:] We define these techniques and infrastr...","Experimentation Improvement; Ontology, Repositories; Recom- mender Systems; Data Management Plans; Teaching/Learning; Con- tinuous Experimentation","10.1145/3474624.3477073","","6","20","2","Experimento Controlado; Meta-análise; Replicação","Engenharia de Software Empírica; Experimentação","","Teste t","GitHub; Python","","Indústria; Acadêmico; Educação","EN","../data/raw/artigos/Towards Improving Experimentation in Software Engineering.pdf"
"63","Unlocking inclusive education A quality assessment of software design in applications for children with autism.pdf","Unlocking inclusive education: A quality assessment of software design in applications for children with autism","Yussy Chinchay","2019","","","10.1016/j.jss.2024.112164","","14","165","295","Proposta de Framework","Engenharia de Software (Geral)","","Teste de Normalidade","SPSS; Understand (SciTools)","","Indústria; Acadêmico; Educação","EN","../data/raw/artigos/Unlocking inclusive education A quality assessment of software design in applications for children with autism.pdf"
"64","Unveiling Hybrid Cyclomatic Complexity A Comprehensive Analysis and Evaluation as an Integral Feature in Automatic Defect Prediction Models.pdf","Unveiling Hybrid Cyclomatic Complexity: A Comprehensive Analysis and Evaluation as an Integral Feature in Automatic Defect Prediction Models","Laura Diana Cernău; Laura Dioșan; Camelia Șerban;","2025","The complex software systems developed nowadays require assessing their quality and proneness to errors. Reducing code complexity is a never-ending problem, especially in today’s fast pace of software systems development. Therefore, the industry needs to find a method to determine the qualities of a software system, the degree of difficulty in developing new functionalities, or the system’s proneness to errors. One way of measuring and predicting the quality attributes of a software system is to analyse the software metrics values for it and the relationships between them. More precisely, w...","software metrics, code complexity, bug prediction Preprint submitted to Elsevier April 2, 2025 arXiv:2504.00477v1 [cs.SE]","","","23","21","","","Métricas de Software; Qualidade de Software; Manutenção de Software; Predição de Defeitos","LOC/SLOC; Complexidade Ciclomática","Correlação de Pearson; Bayesiana; Random Forest; SVM; Precisão/Recall/F1","GitHub; Python; Java; scikit-learn; Checkstyle","","Open Source; Indústria; Acadêmico","EN","../data/raw/artigos/Unveiling Hybrid Cyclomatic Complexity A Comprehensive Analysis and Evaluation as an Integral Feature in Automatic Defect Prediction Models.pdf"
"65","WEB_SYSTEM_FOR_METRICS_CONTROL_APPLYING_THE_GQM_ME.pdf","Web System for Metrics Control applying the GQM Method in a Software Development Center","Jesús Minero-Guardado","2025","","GQM; métricas; qualidade; sistema web","10.19053/01211129.v34.n72.2025.19104","","10","12","22","Proposta de Framework; GQM","Métricas de Software; Qualidade de Software","","","","GQM","Indústria; Web/Mobile; Financeiro","PT","../data/raw/artigos/WEB_SYSTEM_FOR_METRICS_CONTROL_APPLYING_THE_GQM_ME.pdf"
"66","Whats DAT Three Case Studies of Measuring Software.pdf","What's DAT? Three Case Studies of Measuring Software Development Productivity at Meta With Diff Authoring Time","Moritz Beller; Amanda Park; Karim Nakad; Akshay Patel; Sarita Mohanty; Ford Garberson; Ian G. Malone; Vaishali Garg; Henri Verroken; Andrew Kennedy; Pavel Avgustinov","2026","This paper introduces Diff Authoring Time (DAT), a precise, yet conceptually simple approach to measuring software development productivity that enables rigorous experimentation. DAT is a time- based metric, which assesses how much active work time engineers take to develop self-contained changes. It uses a bespoke telemetry system integrated with version control, the Integrated Development Environments, and the Operating System. We validate DAT through observational studies, surveys, visualizations, and descriptive statis- tics. At Meta, DAT elevates the internal tool development workflow ...","Diff Authoring Time, DAT, Developer Productivity, Engineering Velocity, Continuous Experimentation (CE)","10.1145/3786583.3786901","ICSE","12","63","20","Experimento Controlado; Estudo de Caso","Experimentação; Produtividade","LOC/SLOC; Function Points; Velocity","Teste t; Effect Size; Descritiva; K-fold/Cross-validation","GitHub; Java; Eclipse; GitHub Copilot; CodeLlama/LLaMA","McCall Model","Indústria","EN","../data/raw/artigos/Whats DAT Three Case Studies of Measuring Software.pdf"
